"","variable","control","exposed","difference","exposure_year","outcome_year","lag","acee","baseline"
"1","svi_2014",0.596127086305834,0.647024884792627,0.0508977984867935,2005,2014,9,0.0508977984867935,0.596127086305834
"2","svi_2016",0.498446408592467,0.635597695852535,0.137151287260068,2005,2016,11,0.137151287260068,0.498446408592467
"3","svi_2018",0.506502263972399,0.616849308755761,0.110347044783361,2005,2018,13,0.110347044783361,0.506502263972399
"4","svi_2020",0.60587333683197,0.608666359447004,0.00279302261503411,2005,2020,15,0.00279302261503411,0.60587333683197
