"","variable","control","exposed","difference","exposure_year","outcome_year","lag","acee","baseline"
"1","svi_2014",0.647270617454892,0.599872727272727,-0.0473978901821646,2010,2014,4,-0.0473978901821646,0.647270617454892
"2","svi_2016",0.644889938836766,0.567268181818182,-0.0776217570185849,2010,2016,6,-0.0776217570185849,0.644889938836766
"3","svi_2018",0.624123637830509,0.542154545454545,-0.0819690923759637,2010,2018,8,-0.0819690923759637,0.624123637830509
"4","svi_2020",0.542658128270566,0.489636363636364,-0.053021764634202,2010,2020,10,-0.053021764634202,0.542658128270566
