"","variable","control","exposed","difference","exposure_year","outcome_year","lag","acee","baseline"
"1","svi_2014",0.628567279891812,0.642973684210526,0.0144064043187143,2015,2014,-1,0.0144064043187143,0.628567279891812
"2","svi_2016",0.580803250596052,0.609015789473684,0.0282125388776321,2015,2016,1,0.0282125388776321,0.580803250596052
"3","svi_2018",0.56039489406226,0.58411052631579,0.0237156322535297,2015,2018,3,0.0237156322535297,0.56039489406226
"4","svi_2020",0.57386003260015,0.528768421052631,-0.0450916115475181,2015,2020,5,-0.0450916115475181,0.57386003260015
