"","variable","control","exposed","difference","exposure_year","outcome_year","lag","acee","baseline"
"1","svi_2014",0.57952764821356,0.593185714285714,0.0136580660721546,2017,2014,-3,0.0136580660721546,0.57952764821356
"2","svi_2016",0.514011215345066,0.586570129870129,0.0725589145250631,2017,2016,-1,0.0725589145250631,0.514011215345066
"3","svi_2018",0.54547698959901,0.562804545454546,0.0173275558555359,2017,2018,1,0.0173275558555359,0.54547698959901
"4","svi_2020",0.487267876611534,0.535399350649351,0.0481314740378169,2017,2020,3,0.0481314740378169,0.487267876611534
