"","variable","control","exposed","difference","exposure_year","outcome_year","lag","acee","baseline"
"1","svi_2014",0.565439140963454,0.556956363636364,-0.00848277732709046,2014,2014,0,-0.00848277732709046,0.565439140963454
"2","svi_2016",0.566190809589122,0.574989090909091,0.00879828131996896,2014,2016,2,0.00879828131996896,0.566190809589122
"3","svi_2018",0.532358553889692,0.582505454545455,0.0501469006557627,2014,2018,4,0.0501469006557627,0.532358553889692
"4","svi_2020",0.518191380492143,0.580130909090909,0.0619395285987658,2014,2020,6,0.0619395285987658,0.518191380492143
