"","variable","control","exposed","difference","exposure_year","outcome_year","lag","acee","baseline"
"1","svi_2014",0.809339097355962,0.818783333333333,0.00944423597737098,2009,2014,5,0.00944423597737098,0.809339097355962
"2","svi_2016",0.787019181206847,0.795633333333333,0.00861415212648653,2009,2016,7,0.00861415212648653,0.787019181206847
"3","svi_2018",0.801111658226215,0.800866666666667,-0.000244991559548269,2009,2018,9,-0.000244991559548269,0.801111658226215
"4","svi_2020",0.793555978582467,0.825266666666667,0.0317106880842002,2009,2020,11,0.0317106880842002,0.793555978582467
