"","variable","control","exposed","difference","exposure_year","outcome_year","lag","acee","baseline"
"1","svi_2014",0.386747749818816,0.413423036649215,0.0266752868303991,2011,2014,3,0.0266752868303991,0.386747749818816
"2","svi_2016",0.39634285764115,0.421238743455497,0.0248958858143478,2011,2016,5,0.0248958858143478,0.39634285764115
"3","svi_2018",0.414737540284659,0.422631413612566,0.00789387332790653,2011,2018,7,0.00789387332790653,0.414737540284659
"4","svi_2020",0.397183175024907,0.423287434554974,0.0261042595300665,2011,2020,9,0.0261042595300665,0.397183175024907
