"","variable","control","exposed","difference","exposure_year","outcome_year","lag","acee","baseline"
"1","svi_2014",0.546455561604236,0.600353465346534,0.0538979037422985,2018,2014,-4,0.0538979037422985,0.546455561604236
"2","svi_2016",0.487835748756751,0.599897359735973,0.112061610979223,2018,2016,-2,0.112061610979223,0.487835748756751
"3","svi_2018",0.456289792957426,0.584517821782178,0.128228028824752,2018,2018,0,0.128228028824752,0.456289792957426
"4","svi_2020",0.544334712132135,0.573770297029703,0.029435584897568,2018,2020,2,0.029435584897568,0.544334712132135
