"","variable","control","exposed","difference","exposure_year","outcome_year","lag","acee","baseline"
"1","svi_2014",0.494152024677406,0.504077669902913,0.00992564522550754,2008,2014,6,0.00992564522550754,0.494152024677406
"2","svi_2016",0.510343938318435,0.500061941747572,-0.0102819965708628,2008,2016,8,-0.0102819965708628,0.510343938318435
"3","svi_2018",0.484299730983997,0.500238058252427,0.0159383272684305,2008,2018,10,0.0159383272684305,0.484299730983997
"4","svi_2020",0.475904732458171,0.50367067961165,0.0277659471534784,2008,2020,12,0.0277659471534784,0.475904732458171
