"","variable","control","exposed","difference","exposure_year","outcome_year","lag","acee","baseline"
"1","svi_2014",0.578767231483623,0.562832954545454,-0.0159342769381682,2007,2014,7,-0.0159342769381682,0.578767231483623
"2","svi_2016",0.571074788966721,0.549178409090909,-0.0218963798758118,2007,2016,9,-0.0218963798758118,0.571074788966721
"3","svi_2018",0.554265981639822,0.545313636363636,-0.0089523452761856,2007,2018,11,-0.0089523452761856,0.554265981639822
"4","svi_2020",0.540769751610102,0.549663636363636,0.00889388475353481,2007,2020,13,0.00889388475353481,0.540769751610102
