"","variable","control","exposed","difference","exposure_year","outcome_year","lag","acee","baseline"
"1","svi_2014",0.524840776961825,0.49258679245283,-0.0322539845089947,2006,2014,8,-0.0322539845089947,0.524840776961825
"2","svi_2016",0.520493723271587,0.495179245283019,-0.0253144779885679,2006,2016,10,-0.0253144779885679,0.520493723271587
"3","svi_2018",0.522917351823107,0.489135849056604,-0.0337815027665032,2006,2018,12,-0.0337815027665032,0.522917351823107
"4","svi_2020",0.513602703266354,0.492960377358491,-0.0206423259078634,2006,2020,14,-0.0206423259078634,0.513602703266354
