"","variable","control","exposed","difference","exposure_year","outcome_year","lag","acee","baseline"
"1","svi_2014",0.585881389358955,0.614829090909091,0.0289477015501367,2016,2014,-2,0.0289477015501367,0.585881389358955
"2","svi_2016",0.585278344073367,0.624758181818181,0.0394798377448143,2016,2016,0,0.0394798377448143,0.585278344073367
"3","svi_2018",0.589875538840558,0.603002424242424,0.0131268854018661,2016,2018,2,0.0131268854018661,0.589875538840558
"4","svi_2020",0.615446343562891,0.567102424242424,-0.0483439193204664,2016,2020,4,-0.0483439193204664,0.615446343562891
