"","variable","control","exposed","difference","exposure_year","outcome_year","lag","acee","baseline"
"1","svi_2014",0.43570944059625,0.399208717948718,-0.0365007226475322,2012,2014,2,-0.0365007226475322,0.43570944059625
"2","svi_2016",0.431351023585835,0.391485641025641,-0.0398653825601938,2012,2016,4,-0.0398653825601938,0.431351023585835
"3","svi_2018",0.397117913989407,0.391090769230769,-0.0060271447586378,2012,2018,6,-0.0060271447586378,0.397117913989407
"4","svi_2020",0.373177879812306,0.392589743589744,0.0194118637774373,2012,2020,8,0.0194118637774373,0.373177879812306
