"","variable","control","exposed","difference","exposure_year","outcome_year","lag","acee","baseline"
"1","svi_2014",0.610611133615137,0.507498765432099,-0.103112368183038,2013,2014,1,-0.103112368183038,0.610611133615137
"2","svi_2016",0.604236978864372,0.522243209876543,-0.0819937689878291,2013,2016,3,-0.0819937689878291,0.604236978864372
"3","svi_2018",0.582410220758482,0.541155555555555,-0.0412546652029266,2013,2018,5,-0.0412546652029266,0.582410220758482
"4","svi_2020",0.537357204364753,0.542511111111111,0.00515390674635763,2013,2020,7,0.00515390674635763,0.537357204364753
