"","variable","control","exposed","difference","exposure_year","outcome_year","lag","acee","baseline"
"1","svi_2000",0.633757804035257,0.691636842105263,0.0578790380700066,2015,2000,-15,0.0578790380700066,0.633757804035257
"2","svi_2010",0.587605544251157,0.616036842105263,0.0284312978541067,2015,2010,-5,0.0284312978541067,0.587605544251157
"3","svi_2014",0.604496802529065,0.594563157894737,-0.00993364463432866,2015,2014,-1,-0.00993364463432866,0.604496802529065
"4","svi_2016",0.613734963247527,0.585605263157895,-0.0281297000896322,2015,2016,1,-0.0281297000896322,0.613734963247527
"5","svi_2018",0.611675040266303,0.643057894736842,0.0313828544705395,2015,2018,3,0.0313828544705395,0.611675040266303
"6","svi_2020",0.678555004221477,0.7692,0.090644995778523,2015,2020,5,0.090644995778523,0.678555004221477
