"","variable","control","exposed","difference","exposure_year","outcome_year","lag","acee","baseline"
"1","svi_2000",0.684428476845452,0.658781188118812,-0.0256472887266395,2018,2000,-18,-0.0256472887266395,0.684428476845452
"2","svi_2010",0.69783508042949,0.7063,0.00846491957050977,2018,2010,-8,0.00846491957050977,0.69783508042949
"3","svi_2014",0.710399766270547,0.7307699669967,0.020370200726153,2018,2014,-4,0.020370200726153,0.710399766270547
"4","svi_2016",0.702492623937232,0.728901650165016,0.0264090262277842,2018,2016,-2,0.0264090262277842,0.702492623937232
"5","svi_2018",0.701541121252976,0.717770627062706,0.0162295058097309,2018,2018,0,0.0162295058097309,0.701541121252976
"6","svi_2020",0.730927684024937,0.751998679867987,0.0210709958430493,2018,2020,2,0.0210709958430493,0.730927684024937
