"","variable","control","exposed","difference","exposure_year","outcome_year","lag","acee","baseline"
"1","svi_2000",0.504822773517899,0.502301886792453,-0.00252088672544604,2006,2000,-6,-0.00252088672544604,0.504822773517899
"2","svi_2010",0.536272496955415,0.51123962264151,-0.0250328743139058,2006,2010,4,-0.0250328743139058,0.536272496955415
"3","svi_2014",0.547019729531463,0.555134905660377,0.00811517612891477,2006,2014,8,0.00811517612891477,0.547019729531463
"4","svi_2016",0.546430020571725,0.558475471698114,0.0120454511263887,2006,2016,10,0.0120454511263887,0.546430020571725
"5","svi_2018",0.518610154872124,0.55232358490566,0.0337134300335364,2006,2018,12,0.0337134300335364,0.518610154872124
"6","svi_2020",0.604801316540579,0.620344339622641,0.0155430230820622,2006,2020,14,0.0155430230820622,0.604801316540579
