"","variable","control","exposed","difference","exposure_year","outcome_year","lag","acee","baseline"
"1","svi_2000",0.741262561906129,0.738436363636364,-0.0028261982697656,2010,2000,-10,-0.0028261982697656,0.741262561906129
"2","svi_2010",0.674977747041518,0.653481818181818,-0.0214959288596993,2010,2010,0,-0.0214959288596993,0.674977747041518
"3","svi_2014",0.637628776413568,0.642513636363636,0.00488485995006871,2010,2014,4,0.00488485995006871,0.637628776413568
"4","svi_2016",0.661250183907107,0.657659090909091,-0.00359109299801574,2010,2016,6,-0.00359109299801574,0.661250183907107
"5","svi_2018",0.676171223920059,0.6878,0.0116287760799408,2010,2018,8,0.0116287760799408,0.676171223920059
"6","svi_2020",0.770855462787814,0.747577272727273,-0.0232781900605409,2010,2020,10,-0.0232781900605409,0.770855462787814
