"","variable","control","exposed","difference","exposure_year","outcome_year","lag","acee","baseline"
"1","svi_2000",0.459247134884679,0.469875384615385,0.0106282497307054,2012,2000,-12,0.0106282497307054,0.459247134884679
"2","svi_2010",0.436498120186534,0.441355384615384,0.00485726442885004,2012,2010,-2,0.00485726442885004,0.436498120186534
"3","svi_2014",0.457947560869812,0.466367692307692,0.00842013143788001,2012,2014,2,0.00842013143788001,0.457947560869812
"4","svi_2016",0.464223258456643,0.480133333333333,0.0159100748766899,2012,2016,4,0.0159100748766899,0.464223258456643
"5","svi_2018",0.462856239037786,0.482635384615385,0.0197791455775989,2012,2018,6,0.0197791455775989,0.462856239037786
"6","svi_2020",0.533252186101237,0.521629230769231,-0.0116229553320067,2012,2020,8,-0.0116229553320067,0.533252186101237
