"","variable","control","exposed","difference","exposure_year","outcome_year","lag","acee","baseline"
"1","svi_2000",0.56343801686073,0.569211111111111,0.00577309425038075,2013,2000,-13,0.00577309425038075,0.56343801686073
"2","svi_2010",0.61484220862288,0.595464197530864,-0.0193780110920164,2013,2010,-3,-0.0193780110920164,0.61484220862288
"3","svi_2014",0.63824280770082,0.634813580246913,-0.00342922745390628,2013,2014,1,-0.00342922745390628,0.63824280770082
"4","svi_2016",0.649448037107491,0.630902469135802,-0.0185455679716892,2013,2016,3,-0.0185455679716892,0.649448037107491
"5","svi_2018",0.637909281337966,0.620458024691358,-0.0174512566466076,2013,2018,5,-0.0174512566466076,0.637909281337966
"6","svi_2020",0.709766590705947,0.691351851851852,-0.0184147388540952,2013,2020,7,-0.0184147388540952,0.709766590705947
