"","variable","control","exposed","difference","exposure_year","outcome_year","lag","acee","baseline"
"1","svi_2000",0.643599048524014,0.669049090909091,0.0254500423850765,2016,2000,-16,0.0254500423850765,0.643599048524014
"2","svi_2010",0.695921846234043,0.721092727272728,0.0251708810386849,2016,2010,-6,0.0251708810386849,0.695921846234043
"3","svi_2014",0.726213813293007,0.757687272727272,0.031473459434265,2016,2014,-2,0.031473459434265,0.726213813293007
"4","svi_2016",0.733636492741385,0.747972727272727,0.0143362345313417,2016,2016,0,0.0143362345313417,0.733636492741385
"5","svi_2018",0.729127131974586,0.737927878787879,0.00880074681329301,2016,2018,2,0.00880074681329301,0.729127131974586
"6","svi_2020",0.774038198815408,0.799153939393939,0.0251157405785314,2016,2020,4,0.0251157405785314,0.774038198815408
