"","variable","control","exposed","difference","exposure_year","outcome_year","lag","acee","baseline"
"1","svi_2000",0.488746762401507,0.507959417475728,0.0192126550742202,2008,2000,-8,0.0192126550742202,0.488746762401507
"2","svi_2010",0.49704427526305,0.546785242718447,0.0497409674553963,2008,2010,2,0.0497409674553963,0.49704427526305
"3","svi_2014",0.527389372882104,0.557239223300971,0.0298498504188665,2008,2014,6,0.0298498504188665,0.527389372882104
"4","svi_2016",0.537624140899144,0.55817786407767,0.020553723178526,2008,2016,8,0.020553723178526,0.537624140899144
"5","svi_2018",0.528106801198516,0.555014757281553,0.0269079560830368,2008,2018,10,0.0269079560830368,0.528106801198516
"6","svi_2020",0.586755464810618,0.57474718446602,-0.012008280344599,2008,2020,12,-0.012008280344599,0.586755464810618
