"","variable","control","exposed","difference","exposure_year","outcome_year","lag","acee","baseline"
"1","svi_2000",0.703496424634071,0.706728110599078,0.00323168596500734,2005,2000,-5,0.00323168596500734,0.703496424634071
"2","svi_2010",0.732858739856451,0.69041935483871,-0.0424393850177405,2005,2010,5,-0.0424393850177405,0.732858739856451
"3","svi_2014",0.773475156054517,0.712023963133641,-0.0614511929208766,2005,2014,9,-0.0614511929208766,0.773475156054517
"4","svi_2016",0.772602865648679,0.723549769585254,-0.0490530960634256,2005,2016,11,-0.0490530960634256,0.772602865648679
"5","svi_2018",0.764668606404211,0.726373271889401,-0.03829533451481,2005,2018,13,-0.03829533451481,0.764668606404211
"6","svi_2020",0.800539914093714,0.766378801843318,-0.0341611122503959,2005,2020,15,-0.0341611122503959,0.800539914093714
