"","variable","control","exposed","difference","exposure_year","outcome_year","lag","acee","baseline"
"1","svi_2000",0.634769136251814,0.60815,-0.026619136251814,2009,2000,-9,-0.026619136251814,0.634769136251814
"2","svi_2010",0.68960874310667,0.695433333333333,0.00582459022666382,2009,2010,1,0.00582459022666382,0.68960874310667
"3","svi_2014",0.730537791941368,0.743133333333333,0.0125955413919651,2009,2014,5,0.0125955413919651,0.730537791941368
"4","svi_2016",0.727171705144007,0.737383333333333,0.0102116281893263,2009,2016,7,0.0102116281893263,0.727171705144007
"5","svi_2018",0.710008037528801,0.70645,-0.00355803752880146,2009,2018,9,-0.00355803752880146,0.710008037528801
"6","svi_2020",0.660071005649153,0.753466666666667,0.0933956610175133,2009,2020,11,0.0933956610175133,0.660071005649153
