"","variable","control","exposed","difference","exposure_year","outcome_year","lag","acee","baseline"
"1","svi_2000",0.558416463042361,0.633183116883117,0.0747666538407564,2017,2000,-17,0.0747666538407564,0.558416463042361
"2","svi_2010",0.574634654303928,0.64405974025974,0.0694250859558123,2017,2010,-7,0.0694250859558123,0.574634654303928
"3","svi_2014",0.614263124625749,0.670887012987013,0.0566238883612642,2017,2014,-3,0.0566238883612642,0.614263124625749
"4","svi_2016",0.638551562510806,0.669815584415584,0.0312640219047784,2017,2016,-1,0.0312640219047784,0.638551562510806
"5","svi_2018",0.640501527295835,0.669635714285714,0.0291341869898795,2017,2018,1,0.0291341869898795,0.640501527295835
"6","svi_2020",0.665636687508582,0.746831168831169,0.081194481322587,2017,2020,3,0.081194481322587,0.665636687508582
