"","variable","control","exposed","difference","exposure_year","outcome_year","lag","acee","baseline"
"1","svi_2000",0.584895506811914,0.600990909090909,0.0160954022789944,2007,2000,-7,0.0160954022789944,0.584895506811914
"2","svi_2010",0.571879422561371,0.530381818181818,-0.0414976043795529,2007,2010,3,-0.0414976043795529,0.571879422561371
"3","svi_2014",0.568412536401799,0.533884090909091,-0.0345284454927076,2007,2014,7,-0.0345284454927076,0.568412536401799
"4","svi_2016",0.581213553914878,0.554982954545454,-0.0262305993694232,2007,2016,9,-0.0262305993694232,0.581213553914878
"5","svi_2018",0.617143291918,0.591679545454545,-0.0254637464634545,2007,2018,11,-0.0254637464634545,0.617143291918
"6","svi_2020",0.671238082184804,0.677977272727273,0.0067391905424693,2007,2020,13,0.0067391905424693,0.671238082184804
