"","variable","control","exposed","difference","exposure_year","outcome_year","lag","acee","baseline"
"1","svi_2000",0.625485907392562,0.663775308641975,0.0382894012494134,2013,2000,-13,0.0382894012494134,0.625485907392562
"2","svi_2010",0.585632377773631,0.586330864197531,0.000698486423900024,2013,2010,-3,0.000698486423900024,0.585632377773631
"3","svi_2014",0.587297761829621,0.536096296296296,-0.0512014655333249,2013,2014,1,-0.0512014655333249,0.587297761829621
"4","svi_2016",0.571133385535393,0.554801234567901,-0.016332150967492,2013,2016,3,-0.016332150967492,0.571133385535393
"5","svi_2018",0.531804300723842,0.567081481481482,0.0352771807576393,2013,2018,5,0.0352771807576393,0.531804300723842
"6","svi_2020",0.597910921594594,0.602192592592593,0.00428167099799881,2013,2020,7,0.00428167099799881,0.597910921594594
