"","variable","control","exposed","difference","exposure_year","outcome_year","lag","acee","baseline"
"1","svi_2000",0.702530881976903,0.708216831683169,0.00568594970626601,2018,2000,-18,0.00568594970626601,0.702530881976903
"2","svi_2010",0.633214007919071,0.644491419141915,0.0112774112228434,2018,2010,-8,0.0112774112228434,0.633214007919071
"3","svi_2014",0.593506338658243,0.624500660066007,0.0309943214077634,2018,2014,-4,0.0309943214077634,0.593506338658243
"4","svi_2016",0.528692954967626,0.61493399339934,0.0862410384317148,2018,2016,-2,0.0862410384317148,0.528692954967626
"5","svi_2018",0.481445143835004,0.596876897689769,0.115431753854765,2018,2018,0,0.115431753854765,0.481445143835004
"6","svi_2020",0.638138416710854,0.623193729372937,-0.0149446873379163,2018,2020,2,-0.0149446873379163,0.638138416710854
