"","variable","control","exposed","difference","exposure_year","outcome_year","lag","acee","baseline"
"1","svi_2000",0.598851298594372,0.693548701298701,0.0946974027043292,2017,2000,-17,0.0946974027043292,0.598851298594372
"2","svi_2010",0.517806159539633,0.655262337662338,0.137456178122704,2017,2010,-7,0.137456178122704,0.517806159539633
"3","svi_2014",0.571111647387891,0.617135064935065,0.0460234175471742,2017,2014,-3,0.0460234175471742,0.571111647387891
"4","svi_2016",0.519676500902773,0.615019480519481,0.0953429796167078,2017,2016,-1,0.0953429796167078,0.519676500902773
"5","svi_2018",0.501085099543725,0.592306493506493,0.0912213939627682,2017,2018,1,0.0912213939627682,0.501085099543725
"6","svi_2020",0.584120257123658,0.681868181818182,0.097747924694524,2017,2020,3,0.097747924694524,0.584120257123658
