"","variable","control","exposed","difference","exposure_year","outcome_year","lag","acee","baseline"
"1","svi_2000",0.754561657752638,0.728490909090909,-0.0260707486617292,2016,2000,-16,-0.0260707486617292,0.754561657752638
"2","svi_2010",0.685911714602868,0.643244242424242,-0.0426674721786259,2016,2010,-6,-0.0426674721786259,0.685911714602868
"3","svi_2014",0.650269432062617,0.637555151515152,-0.0127142805474655,2016,2014,-2,-0.0127142805474655,0.650269432062617
"4","svi_2016",0.625264873096752,0.6335,0.00823512690324801,2016,2016,0,0.00823512690324801,0.625264873096752
"5","svi_2018",0.617842199071469,0.615913333333333,-0.00192886573813589,2016,2018,2,-0.00192886573813589,0.617842199071469
"6","svi_2020",0.688725820238279,0.639898181818182,-0.048827638420097,2016,2020,4,-0.048827638420097,0.688725820238279
