"","variable","control","exposed","difference","exposure_year","outcome_year","lag","acee","baseline"
"1","svi_2000",0.618952735229107,0.6589,0.0399472647708926,2009,2000,-9,0.0399472647708926,0.618952735229107
"2","svi_2010",0.454322761360006,0.334066666666667,-0.120256094693339,2009,2010,1,-0.120256094693339,0.454322761360006
"3","svi_2014",0.635845601402831,0.446616666666667,-0.189228934736164,2009,2014,5,-0.189228934736164,0.635845601402831
"4","svi_2016",0.622407056338848,0.446533333333333,-0.175873723005514,2009,2016,7,-0.175873723005514,0.622407056338848
"5","svi_2018",0.611558455161857,0.526133333333333,-0.0854251218285239,2009,2018,9,-0.0854251218285239,0.611558455161857
"6","svi_2020",0.453231669215076,0.724133333333333,0.270901664118257,2009,2020,11,0.270901664118257,0.453231669215076
