"","variable","control","exposed","difference","exposure_year","outcome_year","lag","acee","baseline"
"1","svi_2000",0.626684096595953,0.590394339622641,-0.0362897569733114,2006,2000,-6,-0.0362897569733114,0.626684096595953
"2","svi_2010",0.515597131500481,0.531516981132075,0.0159198496315943,2006,2010,4,0.0159198496315943,0.515597131500481
"3","svi_2014",0.470358319745542,0.491600943396226,0.0212426236506847,2006,2014,8,0.0212426236506847,0.470358319745542
"4","svi_2016",0.453085778433628,0.482159433962264,0.0290736555286367,2006,2016,10,0.0290736555286367,0.453085778433628
"5","svi_2018",0.46367553523198,0.472390566037736,0.00871503080575581,2006,2018,12,0.00871503080575581,0.46367553523198
"6","svi_2020",0.575180000423211,0.520712264150944,-0.0544677362722675,2006,2020,14,-0.0544677362722675,0.575180000423211
