"","variable","control","exposed","difference","exposure_year","outcome_year","lag","acee","baseline"
"1","svi_2000",0.731222577199522,0.733025806451613,0.0018032292520902,2005,2000,-5,0.0018032292520902,0.731222577199522
"2","svi_2010",0.674808022831184,0.699151612903226,0.0243435900720411,2005,2010,5,0.0243435900720411,0.674808022831184
"3","svi_2014",0.662894111165194,0.685380184331797,0.0224860731666033,2005,2014,9,0.0224860731666033,0.662894111165194
"4","svi_2016",0.579355556398412,0.671442857142857,0.0920873007444452,2005,2016,11,0.0920873007444452,0.579355556398412
"5","svi_2018",0.564741715022924,0.646047004608295,0.0813052895853709,2005,2018,13,0.0813052895853709,0.564741715022924
"6","svi_2020",0.730884564392788,0.667229493087558,-0.0636550713052307,2005,2020,15,-0.0636550713052307,0.730884564392788
