"","variable","control","exposed","difference","exposure_year","outcome_year","lag","acee","baseline"
"1","svi_2000",0.542478459371711,0.560856699029126,0.0183782396574156,2008,2000,-8,0.0183782396574156,0.542478459371711
"2","svi_2010",0.531782309040248,0.549203883495146,0.0174215744548973,2008,2010,2,0.0174215744548973,0.531782309040248
"3","svi_2014",0.50725833155429,0.520330485436893,0.0130721538826032,2008,2014,6,0.0130721538826032,0.50725833155429
"4","svi_2016",0.496966894968628,0.515548737864078,0.01858184289545,2008,2016,8,0.01858184289545,0.496966894968628
"5","svi_2018",0.456339774003445,0.518267572815533,0.0619277988120885,2008,2018,10,0.0619277988120885,0.456339774003445
"6","svi_2020",0.51063995201879,0.554319805825243,0.0436798538064531,2008,2020,12,0.0436798538064531,0.51063995201879
