"","variable","control","exposed","difference","exposure_year","outcome_year","lag","acee","baseline"
"1","svi_2000",0.646897599065999,0.629148863636364,-0.0177487354296356,2007,2000,-7,-0.0177487354296356,0.646897599065999
"2","svi_2010",0.61879408244595,0.650717045454546,0.0319229630085958,2007,2010,3,0.0319229630085958,0.61879408244595
"3","svi_2014",0.602260695782499,0.619422727272727,0.0171620314902283,2007,2014,7,0.0171620314902283,0.602260695782499
"4","svi_2016",0.575221982609915,0.615556818181818,0.0403348355719034,2007,2016,9,0.0403348355719034,0.575221982609915
"5","svi_2018",0.561453582864306,0.614476136363636,0.0530225534993299,2007,2018,11,0.0530225534993299,0.561453582864306
"6","svi_2020",0.6068565521262,0.681517045454546,0.0746604933283458,2007,2020,13,0.0746604933283458,0.6068565521262
