"","variable","control","exposed","difference","exposure_year","outcome_year","lag","acee","baseline"
"1","svi_2000",0.511249802682087,0.502673821989529,-0.00857598069255794,2011,2000,-11,-0.00857598069255794,0.511249802682087
"2","svi_2010",0.462160015320093,0.444297382198953,-0.0178626331211406,2011,2010,-1,-0.0178626331211406,0.462160015320093
"3","svi_2014",0.382937759515208,0.412674345549738,0.0297365860345307,2011,2014,3,0.0297365860345307,0.382937759515208
"4","svi_2016",0.373026514849706,0.406903664921466,0.0338771500717598,2011,2016,5,0.0338771500717598,0.373026514849706
"5","svi_2018",0.396419284378899,0.396900523560209,0.000481239181310211,2011,2018,7,0.000481239181310211,0.396419284378899
"6","svi_2020",0.440256323945114,0.461985863874345,0.0217295399292317,2011,2020,9,0.0217295399292317,0.440256323945114
