"","variable","control","exposed","difference","exposure_year","outcome_year","lag","acee","baseline"
"1","svi_2000",0.719508731495322,0.704140909090909,-0.0153678224044134,2010,2000,-10,-0.0153678224044134,0.719508731495322
"2","svi_2010",0.689367799452348,0.686568181818182,-0.00279961763416647,2010,2010,0,-0.00279961763416647,0.689367799452348
"3","svi_2014",0.73455784856594,0.675786363636364,-0.0587714849295763,2010,2014,4,-0.0587714849295763,0.73455784856594
"4","svi_2016",0.723285011088184,0.68475,-0.0385350110881842,2010,2016,6,-0.0385350110881842,0.723285011088184
"5","svi_2018",0.664107652360093,0.659345454545455,-0.00476219781463849,2010,2018,8,-0.00476219781463849,0.664107652360093
"6","svi_2020",0.747467470997937,0.821209090909091,0.0737416199111542,2010,2020,10,0.0737416199111542,0.747467470997937
