"","variable","control","exposed","difference","exposure_year","outcome_year","lag","acee","baseline"
"1","svi_2000",0.659437713966098,0.691898181818182,0.0324604678520835,2014,2000,-14,0.0324604678520835,0.659437713966098
"2","svi_2010",0.605957980075235,0.605012727272727,-0.000945252802507568,2014,2010,-4,-0.000945252802507568,0.605957980075235
"3","svi_2014",0.585229949788766,0.596392727272727,0.0111627774839617,2014,2014,0,0.0111627774839617,0.585229949788766
"4","svi_2016",0.581017655761379,0.596263636363636,0.0152459806022572,2014,2016,2,0.0152459806022572,0.581017655761379
"5","svi_2018",0.578329591461329,0.597621818181818,0.0192922267204888,2014,2018,4,0.0192922267204888,0.578329591461329
"6","svi_2020",0.581995652943787,0.646983636363637,0.0649879834198493,2014,2020,6,0.0649879834198493,0.581995652943787
