"","variable","control","exposed","difference","exposure_year","outcome_year","lag","acee","baseline"
"1","svi_2000",0.613195884522367,0.718021052631579,0.104825168109212,2015,2000,-15,0.104825168109212,0.613195884522367
"2","svi_2010",0.618802177510271,0.707421052631579,0.0886188751213078,2015,2010,-5,0.0886188751213078,0.618802177510271
"3","svi_2014",0.627892606456588,0.729757894736842,0.101865288280255,2015,2014,-1,0.101865288280255,0.627892606456588
"4","svi_2016",0.590855751513134,0.717657894736842,0.126802143223708,2015,2016,1,0.126802143223708,0.590855751513134
"5","svi_2018",0.564206263428707,0.654563157894737,0.0903568944660293,2015,2018,3,0.0903568944660293,0.564206263428707
"6","svi_2020",0.770857223975801,0.750484210526316,-0.0203730134494853,2015,2020,5,-0.0203730134494853,0.770857223975801
