"","variable","control","exposed","difference","exposure_year","outcome_year","lag","acee","baseline"
"1","svi_2000",0.464149901923616,0.472306153846154,0.0081562519225376,2012,2000,-12,0.0081562519225376,0.464149901923616
"2","svi_2010",0.465752502934111,0.465010256410256,-0.000742246523854517,2012,2010,-2,-0.000742246523854517,0.465752502934111
"3","svi_2014",0.436044707942648,0.409173333333334,-0.0268713746093143,2012,2014,2,-0.0268713746093143,0.436044707942648
"4","svi_2016",0.413776962464888,0.406373846153846,-0.00740311631104196,2012,2016,4,-0.00740311631104196,0.413776962464888
"5","svi_2018",0.38876092299154,0.409071282051282,0.0203103590597417,2012,2018,6,0.0203103590597417,0.38876092299154
"6","svi_2020",0.42211021858263,0.468895897435897,0.0467856788532677,2012,2020,8,0.0467856788532677,0.42211021858263
