"","variable","control","exposed","difference","exposure_year","outcome_year","lag","acee","baseline"
"1","svi_2000",0.825745622400781,0.838559090909091,0.0128134685083096,2010,2000,-10,0.0128134685083096,0.825745622400781
"2","svi_2010",0.819974484228918,0.7899,-0.0300744842289179,2010,2010,0,-0.0300744842289179,0.819974484228918
"3","svi_2014",0.80206133515686,0.778272727272728,-0.0237886078841324,2010,2014,4,-0.0237886078841324,0.80206133515686
"4","svi_2016",0.819951811051253,0.791422727272727,-0.0285290837785257,2010,2016,6,-0.0285290837785257,0.819951811051253
"5","svi_2018",0.803433565524173,0.801418181818182,-0.00201538370599064,2010,2018,8,-0.00201538370599064,0.803433565524173
"6","svi_2020",0.826019178833999,0.814590909090909,-0.0114282697430893,2010,2020,10,-0.0114282697430893,0.826019178833999
