"","variable","control","exposed","difference","exposure_year","outcome_year","lag","acee","baseline"
"1","svi_2000",0.551613184595462,0.539978461538461,-0.0116347230570011,2012,2000,-12,-0.0116347230570011,0.551613184595462
"2","svi_2010",0.541963942073797,0.534889230769231,-0.00707471130456638,2012,2010,-2,-0.00707471130456638,0.541963942073797
"3","svi_2014",0.53129106819981,0.52274358974359,-0.00854747845621984,2012,2014,2,-0.00854747845621984,0.53129106819981
"4","svi_2016",0.525912292776103,0.526182564102564,0.00027027132646118,2012,2016,4,0.00027027132646118,0.525912292776103
"5","svi_2018",0.526449236874894,0.528855897435898,0.00240666056100358,2012,2018,6,0.00240666056100358,0.526449236874894
"6","svi_2020",0.567553869836186,0.548797435897436,-0.0187564339387503,2012,2020,8,-0.0187564339387503,0.567553869836186
