"","variable","control","exposed","difference","exposure_year","outcome_year","lag","acee","baseline"
"1","svi_2000",0.605461379998038,0.583470754716981,-0.0219906252810567,2006,2000,-6,-0.0219906252810567,0.605461379998038
"2","svi_2010",0.596522184138242,0.567775471698113,-0.0287467124401286,2006,2010,4,-0.0287467124401286,0.596522184138242
"3","svi_2014",0.576768820198343,0.584031132075472,0.00726231187712878,2006,2014,8,0.00726231187712878,0.576768820198343
"4","svi_2016",0.565117789276093,0.58093679245283,0.0158190031767375,2006,2016,10,0.0158190031767375,0.565117789276093
"5","svi_2018",0.563952440708043,0.569791509433962,0.00583906872591877,2006,2018,12,0.00583906872591877,0.563952440708043
"6","svi_2020",0.634158063489139,0.606206603773585,-0.0279514597155535,2006,2020,14,-0.0279514597155535,0.634158063489139
