"","variable","control","exposed","difference","exposure_year","outcome_year","lag","acee","baseline"
"1","svi_2000",0.74697651901809,0.773394545454545,0.0264180264364554,2016,2000,-16,0.0264180264364554,0.74697651901809
"2","svi_2010",0.742876348149859,0.774413333333334,0.0315369851834749,2016,2010,-6,0.0315369851834749,0.742876348149859
"3","svi_2014",0.758269010412165,0.783100606060606,0.0248315956484416,2016,2014,-2,0.0248315956484416,0.758269010412165
"4","svi_2016",0.75619938086898,0.777981212121212,0.0217818312522324,2016,2016,0,0.0217818312522324,0.75619938086898
"5","svi_2018",0.758980724688898,0.764650909090909,0.00567018440201061,2016,2018,2,0.00567018440201061,0.758980724688898
"6","svi_2020",0.789826413650707,0.780413333333334,-0.00941308031737353,2016,2020,4,-0.00941308031737353,0.789826413650707
