"","variable","control","exposed","difference","exposure_year","outcome_year","lag","acee","baseline"
"1","svi_2000",0.738878567068567,0.742920462046205,0.00404189497763774,2018,2000,-18,0.00404189497763774,0.738878567068567
"2","svi_2010",0.748125168700274,0.746425412541254,-0.00169975615902018,2018,2010,-8,-0.00169975615902018,0.748125168700274
"3","svi_2014",0.737067408618006,0.749193399339934,0.0121259907219283,2018,2014,-4,0.0121259907219283,0.737067408618006
"4","svi_2016",0.714239456041812,0.745062046204621,0.0308225901628093,2018,2016,-2,0.0308225901628093,0.714239456041812
"5","svi_2018",0.702932320597503,0.729744554455446,0.026812233857943,2018,2018,0,0.026812233857943,0.702932320597503
"6","svi_2020",0.733196874483341,0.742288448844884,0.00909157436154384,2018,2020,2,0.00909157436154384,0.733196874483341
