"","variable","control","exposed","difference","exposure_year","outcome_year","lag","acee","baseline"
"1","svi_2000",0.52060390157474,0.538619371727749,0.0180154701530092,2011,2000,-11,0.0180154701530092,0.52060390157474
"2","svi_2010",0.525351329588099,0.519467015706806,-0.00588431388129229,2011,2010,-1,-0.00588431388129229,0.525351329588099
"3","svi_2014",0.513739252383743,0.51658167539267,0.00284242300892723,2011,2014,3,0.00284242300892723,0.513739252383743
"4","svi_2016",0.513744840371482,0.51699057591623,0.00324573554474861,2011,2016,5,0.00324573554474861,0.513744840371482
"5","svi_2018",0.51335774873403,0.512586387434555,-0.000771361299475193,2011,2018,7,-0.000771361299475193,0.51335774873403
"6","svi_2020",0.525698035911543,0.559052356020943,0.0333543201093992,2011,2020,9,0.0333543201093992,0.525698035911543
