"","variable","control","exposed","difference","exposure_year","outcome_year","lag","acee","baseline"
"1","svi_2000",0.668518392897408,0.676522727272727,0.00800433437531889,2007,2000,-7,0.00800433437531889,0.668518392897408
"2","svi_2010",0.662741698835617,0.636931818181818,-0.0258098806537985,2007,2010,3,-0.0258098806537985,0.662741698835617
"3","svi_2014",0.642404316969342,0.617681818181818,-0.0247224987875243,2007,2014,7,-0.0247224987875243,0.642404316969342
"4","svi_2016",0.627738573588766,0.623589772727273,-0.00414880086149372,2007,2016,9,-0.00414880086149372,0.627738573588766
"5","svi_2018",0.647808781988159,0.649376136363636,0.00156735437547706,2007,2018,11,0.00156735437547706,0.647808781988159
"6","svi_2020",0.672192219396607,0.690105681818182,0.0179134624215749,2007,2020,13,0.0179134624215749,0.672192219396607
