"","variable","control","exposed","difference","exposure_year","outcome_year","lag","acee","baseline"
"1","svi_2000",0.670945001720768,0.750654545454545,0.0797095437337778,2017,2000,-17,0.0797095437337778,0.670945001720768
"2","svi_2010",0.659487187150819,0.735925974025974,0.0764387868751552,2017,2010,-7,0.0764387868751552,0.659487187150819
"3","svi_2014",0.686456416204645,0.732889610389611,0.0464331941849653,2017,2014,-3,0.0464331941849653,0.686456416204645
"4","svi_2016",0.69413447306788,0.731868831168831,0.0377343581009506,2017,2016,-1,0.0377343581009506,0.69413447306788
"5","svi_2018",0.676425381850293,0.727976623376623,0.0515512415263304,2017,2018,1,0.0515512415263304,0.676425381850293
"6","svi_2020",0.685856012129302,0.761822077922078,0.0759660657927756,2017,2020,3,0.0759660657927756,0.685856012129302
