"","variable","control","exposed","difference","exposure_year","outcome_year","lag","acee","baseline"
"1","svi_2000",0.561245094652068,0.561600776699029,0.00035568204696057,2008,2000,-8,0.00035568204696057,0.561245094652068
"2","svi_2010",0.560456948970874,0.579867572815534,0.0194106238446607,2008,2010,2,0.0194106238446607,0.560456948970874
"3","svi_2014",0.570994084127764,0.575263300970873,0.00426921684310866,2008,2014,6,0.00426921684310866,0.570994084127764
"4","svi_2016",0.572784334030595,0.570258640776699,-0.00252569325389584,2008,2016,8,-0.00252569325389584,0.572784334030595
"5","svi_2018",0.562194988930281,0.570976116504855,0.00878112757457339,2008,2018,10,0.00878112757457339,0.562194988930281
"6","svi_2020",0.587706734081974,0.584076699029126,-0.0036300350528482,2008,2020,12,-0.0036300350528482,0.587706734081974
