"","variable","control","exposed","difference","exposure_year","outcome_year","lag","acee","baseline"
"1","svi_2000",0.642777047484199,0.720633333333333,0.0778562858491341,2009,2000,-9,0.0778562858491341,0.642777047484199
"2","svi_2010",0.639220004892177,0.7251,0.0858799951078227,2009,2010,1,0.0858799951078227,0.639220004892177
"3","svi_2014",0.715825918660018,0.76165,0.0458240813399816,2009,2014,5,0.0458240813399816,0.715825918660018
"4","svi_2016",0.707061054178176,0.746266666666667,0.0392056124884912,2009,2016,7,0.0392056124884912,0.707061054178176
"5","svi_2018",0.682454041982177,0.73645,0.0539959580178233,2009,2018,9,0.0539959580178233,0.682454041982177
"6","svi_2020",0.602361574715243,0.791716666666667,0.189355091951424,2009,2020,11,0.189355091951424,0.602361574715243
