"","variable","control","exposed","difference","exposure_year","outcome_year","lag","acee","baseline"
"1","svi_2000",0.769781348675988,0.773189400921659,0.00340805224567109,2005,2000,-5,0.00340805224567109,0.769781348675988
"2","svi_2010",0.778727813723488,0.753598617511521,-0.025129196211967,2005,2010,5,-0.025129196211967,0.778727813723488
"3","svi_2014",0.800063773462442,0.75065069124424,-0.0494130822182023,2005,2014,9,-0.0494130822182023,0.800063773462442
"4","svi_2016",0.779508063447535,0.746941935483871,-0.0325661279636638,2005,2016,11,-0.0325661279636638,0.779508063447535
"5","svi_2018",0.765762717221631,0.742807834101383,-0.0229548831202482,2005,2018,13,-0.0229548831202482,0.765762717221631
"6","svi_2020",0.801747507228455,0.758473271889401,-0.0432742353390542,2005,2020,15,-0.0432742353390542,0.801747507228455
