"","variable","control","exposed","difference","exposure_year","outcome_year","lag","acee","baseline"
"1","svi_2000",0.685239143462929,0.706490909090909,0.0212517656279804,2014,2000,-14,0.0212517656279804,0.685239143462929
"2","svi_2010",0.668249633109466,0.68962,0.0213703668905341,2014,2010,-4,0.0213703668905341,0.668249633109466
"3","svi_2014",0.675802424202884,0.701130909090909,0.0253284848880256,2014,2014,0,0.0253284848880256,0.675802424202884
"4","svi_2016",0.675948101741047,0.6957,0.0197518982589532,2014,2016,2,0.0197518982589532,0.675948101741047
"5","svi_2018",0.674209057944855,0.679465454545454,0.00525639660059973,2014,2018,4,0.00525639660059973,0.674209057944855
"6","svi_2020",0.692243717145896,0.72132,0.0290762828541036,2014,2020,6,0.0290762828541036,0.692243717145896
