"","variable","control","exposed","difference","exposure_year","outcome_year","lag","acee","baseline"
"1","svi_2000",0.76186759336114,0.807968421052632,0.0461008276914914,2015,2000,-15,0.0461008276914914,0.76186759336114
"2","svi_2010",0.742215937502521,0.792157894736842,0.0499419572343209,2015,2010,-5,0.0499419572343209,0.742215937502521
"3","svi_2014",0.738141151607583,0.76618947368421,0.0280483220766274,2015,2014,-1,0.0280483220766274,0.738141151607583
"4","svi_2016",0.728884809031213,0.757778947368421,0.0288941383372076,2015,2016,1,0.0288941383372076,0.728884809031213
"5","svi_2018",0.717425188180428,0.774021052631579,0.056595864451151,2015,2018,3,0.056595864451151,0.717425188180428
"6","svi_2020",0.756104071208825,0.810194736842105,0.0540906656332798,2015,2020,5,0.0540906656332798,0.756104071208825
