"","variable","control","exposed","difference","exposure_year","outcome_year","lag","acee","baseline"
"1","svi_2000",0.629054822029947,0.61678358974359,-0.0122712322863575,2012,2000,-12,-0.0122712322863575,0.629054822029947
"2","svi_2010",0.60505224682646,0.600171794871795,-0.00488045195466524,2012,2010,-2,-0.00488045195466524,0.60505224682646
"3","svi_2014",0.602513571861325,0.591276923076922,-0.0112366487844023,2012,2014,2,-0.0112366487844023,0.602513571861325
"4","svi_2016",0.59283904557391,0.586284615384615,-0.00655443018929525,2012,2016,4,-0.00655443018929525,0.59283904557391
"5","svi_2018",0.602225519429949,0.587168205128206,-0.0150573143017438,2012,2018,6,-0.0150573143017438,0.602225519429949
"6","svi_2020",0.60901948044964,0.582294358974359,-0.0267251214752809,2012,2020,8,-0.0267251214752809,0.60901948044964
