"","variable","control","exposed","difference","exposure_year","outcome_year","lag","acee","baseline"
"1","svi_2000",0.59239016308029,0.844866666666667,0.252476503586377,2009,2000,-9,0.252476503586377,0.59239016308029
"2","svi_2010",0.575699426724588,0.82995,0.254250573275413,2009,2010,1,0.254250573275413,0.575699426724588
"3","svi_2014",0.57623660483836,0.84585,0.26961339516164,2009,2014,5,0.26961339516164,0.57623660483836
"4","svi_2016",0.567480480092981,0.791566666666667,0.224086186573686,2009,2016,7,0.224086186573686,0.567480480092981
"5","svi_2018",0.55737751521496,0.790866666666667,0.233489151451707,2009,2018,9,0.233489151451707,0.55737751521496
"6","svi_2020",0.549348549681315,0.765766666666667,0.216418116985351,2009,2020,11,0.216418116985351,0.549348549681315
