"","variable","control","exposed","difference","exposure_year","outcome_year","lag","acee","baseline"
"1","svi_2000",0.536544886958393,0.591811518324608,0.0552666313662145,2011,2000,-11,0.0552666313662145,0.536544886958393
"2","svi_2010",0.537139958165793,0.584309947643979,0.0471699894781858,2011,2010,-1,0.0471699894781858,0.537139958165793
"3","svi_2014",0.524703648457024,0.585159162303665,0.0604555138466412,2011,2014,3,0.0604555138466412,0.524703648457024
"4","svi_2016",0.527984416439971,0.580771727748691,0.0527873113087199,2011,2016,5,0.0527873113087199,0.527984416439971
"5","svi_2018",0.510625564273189,0.578028272251309,0.0674027079781204,2011,2018,7,0.0674027079781204,0.510625564273189
"6","svi_2020",0.516122410986366,0.576778010471204,0.0606555994848385,2011,2020,9,0.0606555994848385,0.516122410986366
