"","variable","control","exposed","difference","exposure_year","outcome_year","lag","acee","baseline"
"1","svi_2000",0.780771994166718,0.754957894736842,-0.0258140994298757,2015,2000,-15,-0.0258140994298757,0.780771994166718
"2","svi_2010",0.74706720961359,0.757636842105263,0.0105696324916734,2015,2010,-5,0.0105696324916734,0.74706720961359
"3","svi_2014",0.702831612297924,0.68711052631579,-0.015721085982135,2015,2014,-1,-0.015721085982135,0.702831612297924
"4","svi_2016",0.675510957468375,0.674642105263158,-0.000868852205217041,2015,2016,1,-0.000868852205217041,0.675510957468375
"5","svi_2018",0.65443419893523,0.688873684210527,0.0344394852752969,2015,2018,3,0.0344394852752969,0.65443419893523
"6","svi_2020",0.607860836906057,0.685752631578947,0.07789179467289,2015,2020,5,0.07789179467289,0.607860836906057
