"","variable","control","exposed","difference","exposure_year","outcome_year","lag","acee","baseline"
"1","svi_2000",0.604464721250443,0.575189708737864,-0.0292750125125791,2008,2000,-8,-0.0292750125125791,0.604464721250443
"2","svi_2010",0.587740978575136,0.567581941747573,-0.0201590368275629,2008,2010,2,-0.0201590368275629,0.587740978575136
"3","svi_2014",0.586586651935908,0.56491359223301,-0.0216730597028986,2008,2014,6,-0.0216730597028986,0.586586651935908
"4","svi_2016",0.586379865887752,0.556112233009709,-0.0302676328780428,2008,2016,8,-0.0302676328780428,0.586379865887752
"5","svi_2018",0.593520388989403,0.555700970873787,-0.0378194181156156,2008,2018,10,-0.0378194181156156,0.593520388989403
"6","svi_2020",0.576790048514137,0.556156893203883,-0.0206331553102541,2008,2020,12,-0.0206331553102541,0.576790048514137
