"","variable","control","exposed","difference","exposure_year","outcome_year","lag","acee","baseline"
"1","svi_2000",0.735173854331281,0.750722119815668,0.0155482654843869,2005,2000,-5,0.0155482654843869,0.735173854331281
"2","svi_2010",0.716744332027496,0.691378801843318,-0.0253655301841779,2005,2010,5,-0.0253655301841779,0.716744332027496
"3","svi_2014",0.735724817897648,0.662184792626728,-0.07354002527092,2005,2014,9,-0.07354002527092,0.735724817897648
"4","svi_2016",0.710863016750653,0.644860829493088,-0.0660021872575658,2005,2016,11,-0.0660021872575658,0.710863016750653
"5","svi_2018",0.700287436664446,0.642757603686636,-0.05752983297781,2005,2018,13,-0.05752983297781,0.700287436664446
"6","svi_2020",0.689658939140093,0.631110138248848,-0.0585488008912446,2005,2020,15,-0.0585488008912446,0.689658939140093
