"","variable","control","exposed","difference","exposure_year","outcome_year","lag","acee","baseline"
"1","svi_2000",0.73498645835145,0.784255151515152,0.0492686931637019,2016,2000,-16,0.0492686931637019,0.73498645835145
"2","svi_2010",0.678222889676808,0.720558787878788,0.0423358982019795,2016,2010,-6,0.0423358982019795,0.678222889676808
"3","svi_2014",0.688525085836852,0.722308484848485,0.0337833990116329,2016,2014,-2,0.0337833990116329,0.688525085836852
"4","svi_2016",0.683763618810125,0.715186060606061,0.0314224417959355,2016,2016,0,0.0314224417959355,0.683763618810125
"5","svi_2018",0.6808186420375,0.703275151515151,0.0224565094776513,2016,2018,2,0.0224565094776513,0.6808186420375
"6","svi_2020",0.665145285218432,0.687834545454545,0.0226892602361132,2016,2020,4,0.0226892602361132,0.665145285218432
