"","variable","control","exposed","difference","exposure_year","outcome_year","lag","acee","baseline"
"1","svi_2000",0.650242211626478,0.645520454545455,-0.00472175708102318,2007,2000,-7,-0.00472175708102318,0.650242211626478
"2","svi_2010",0.646847225137086,0.604443181818182,-0.0424040433189042,2007,2010,3,-0.0424040433189042,0.646847225137086
"3","svi_2014",0.619015747348022,0.559534090909091,-0.059481656438931,2007,2014,7,-0.059481656438931,0.619015747348022
"4","svi_2016",0.5835540139115,0.552876136363636,-0.0306778775478641,2007,2016,9,-0.0306778775478641,0.5835540139115
"5","svi_2018",0.579720883927524,0.565639772727273,-0.0140811112002509,2007,2018,11,-0.0140811112002509,0.579720883927524
"6","svi_2020",0.575036644387204,0.571548863636364,-0.00348778075084066,2007,2020,13,-0.00348778075084066,0.575036644387204
