"","variable","control","exposed","difference","exposure_year","outcome_year","lag","acee","baseline"
"1","svi_2000",0.691234273818797,0.729531683168317,0.0382974093495194,2018,2000,-18,0.0382974093495194,0.691234273818797
"2","svi_2010",0.695124997462144,0.673932343234323,-0.0211926542278207,2018,2010,-8,-0.0211926542278207,0.695124997462144
"3","svi_2014",0.674775684880317,0.674842574257426,6.68893771086365e-05,2018,2014,-4,6.68893771086365e-05,0.674775684880317
"4","svi_2016",0.643916022567869,0.665552805280528,0.0216367827126589,2018,2016,-2,0.0216367827126589,0.643916022567869
"5","svi_2018",0.597559797093002,0.652913861386139,0.0553540642931368,2018,2018,0,0.0553540642931368,0.597559797093002
"6","svi_2020",0.618342797876098,0.639313861386139,0.0209710635100411,2018,2020,2,0.0209710635100411,0.618342797876098
