"","variable","control","exposed","difference","exposure_year","outcome_year","lag","acee","baseline"
"1","svi_2000",0.698336507801041,0.678343209876543,-0.0199932979244982,2013,2000,-13,-0.0199932979244982,0.698336507801041
"2","svi_2010",0.682142949483129,0.620934567901235,-0.0612083815818946,2013,2010,-3,-0.0612083815818946,0.682142949483129
"3","svi_2014",0.651489313091496,0.62791975308642,-0.0235695600050764,2013,2014,1,-0.0235695600050764,0.651489313091496
"4","svi_2016",0.645736894708426,0.628672839506173,-0.0170640552022531,2013,2016,3,-0.0170640552022531,0.645736894708426
"5","svi_2018",0.664860834407284,0.604235802469136,-0.0606250319381485,2013,2018,5,-0.0606250319381485,0.664860834407284
"6","svi_2020",0.663755988939804,0.600220987654321,-0.0635350012854828,2013,2020,7,-0.0635350012854828,0.663755988939804
