"","variable","control","exposed","difference","exposure_year","outcome_year","lag","acee","baseline"
"1","svi_2000",0.766077014598386,0.768863636363636,0.00278662176525057,2010,2000,-10,0.00278662176525057,0.766077014598386
"2","svi_2010",0.682687629069791,0.711218181818182,0.028530552748391,2010,2010,0,0.028530552748391,0.682687629069791
"3","svi_2014",0.657658978805714,0.697486363636364,0.0398273848306495,2010,2014,4,0.0398273848306495,0.657658978805714
"4","svi_2016",0.719528754626932,0.693259090909091,-0.0262696637178409,2010,2016,6,-0.0262696637178409,0.719528754626932
"5","svi_2018",0.659113941764661,0.683581818181818,0.0244678764171569,2010,2018,8,0.0244678764171569,0.659113941764661
"6","svi_2020",0.656573939215993,0.6479,-0.00867393921599346,2010,2020,10,-0.00867393921599346,0.656573939215993
