"","variable","control","exposed","difference","exposure_year","outcome_year","lag","acee","baseline"
"1","svi_2000",0.674801101004481,0.681201818181818,0.00640071717733703,2014,2000,-14,0.00640071717733703,0.674801101004481
"2","svi_2010",0.639705503287308,0.639758181818182,5.2678530873429e-05,2014,2010,-4,5.2678530873429e-05,0.639705503287308
"3","svi_2014",0.649456367662635,0.635694545454546,-0.0137618222080894,2014,2014,0,-0.0137618222080894,0.649456367662635
"4","svi_2016",0.649137057384744,0.623470909090909,-0.025666148293835,2014,2016,2,-0.025666148293835,0.649137057384744
"5","svi_2018",0.634286102918816,0.609447272727273,-0.0248388301915438,2014,2018,4,-0.0248388301915438,0.634286102918816
"6","svi_2020",0.640748046749157,0.582989090909091,-0.0577589558400655,2014,2020,6,-0.0577589558400655,0.640748046749157
