"","variable","control","exposed","difference","exposure_year","outcome_year","lag","acee","baseline"
"1","svi_2000",0.710624595638758,0.709907407407407,-0.000717188231350918,2013,2000,-13,-0.000717188231350918,0.710624595638758
"2","svi_2010",0.714738591193795,0.697518518518518,-0.0172200726752763,2013,2010,-3,-0.0172200726752763,0.714738591193795
"3","svi_2014",0.703442867900837,0.70180987654321,-0.00163299135762696,2013,2014,1,-0.00163299135762696,0.703442867900837
"4","svi_2016",0.696291411262154,0.697611111111111,0.00131969984895697,2013,2016,3,0.00131969984895697,0.696291411262154
"5","svi_2018",0.688085200185136,0.683934567901235,-0.004150632283901,2013,2018,5,-0.004150632283901,0.688085200185136
"6","svi_2020",0.747536167898472,0.749295061728395,0.00175889382992311,2013,2020,7,0.00175889382992311,0.747536167898472
