"","variable","control","exposed","difference","exposure_year","outcome_year","lag","acee","baseline"
"1","svi_2000",0.729002641065646,0.75552012987013,0.0265174888044842,2017,2000,-17,0.0265174888044842,0.729002641065646
"2","svi_2010",0.720727998345115,0.754846103896104,0.034118105550989,2017,2010,-7,0.034118105550989,0.720727998345115
"3","svi_2014",0.724160489109545,0.75467987012987,0.0305193810203258,2017,2014,-3,0.0305193810203258,0.724160489109545
"4","svi_2016",0.735917147833906,0.75042987012987,0.0145127222959635,2017,2016,-1,0.0145127222959635,0.735917147833906
"5","svi_2018",0.714261058441101,0.746270779220779,0.0320097207796779,2017,2018,1,0.0320097207796779,0.714261058441101
"6","svi_2020",0.713009519977998,0.762951948051948,0.0499424280739501,2017,2020,3,0.0499424280739501,0.713009519977998
