"","variable","control","exposed","difference","exposure_year","outcome_year","lag","acee","baseline"
"1","svi_2000",0.946536597344145,0.954345454545454,0.00780885720130942,2010,2000,-10,0.00780885720130942,0.946536597344145
"2","svi_2010",0.942885078306864,0.937954545454545,-0.00493053285231848,2010,2010,0,-0.00493053285231848,0.942885078306864
"3","svi_2014",0.943633306692922,0.939963636363636,-0.003669670329286,2010,2014,4,-0.003669670329286,0.943633306692922
"4","svi_2016",0.938810188322515,0.933904545454545,-0.00490564286796913,2010,2016,6,-0.00490564286796913,0.938810188322515
"5","svi_2018",0.93786758107654,0.9304,-0.00746758107653989,2010,2018,8,-0.00746758107653989,0.93786758107654
"6","svi_2020",0.92283966224162,0.924036363636364,0.00119670139474359,2010,2020,10,0.00119670139474359,0.92283966224162
