"","variable","control","exposed","difference","exposure_year","outcome_year","lag","acee","baseline"
"1","svi_2000",0.709679329552219,0.669145622119816,-0.0405337074324031,2005,2000,-5,-0.0405337074324031,0.709679329552219
"2","svi_2010",0.731664145695862,0.672584792626728,-0.0590793530691335,2005,2010,5,-0.0590793530691335,0.731664145695862
"3","svi_2014",0.74393124190931,0.675803686635944,-0.0681275552733662,2005,2014,9,-0.0681275552733662,0.74393124190931
"4","svi_2016",0.719088112885519,0.669704608294931,-0.0493835045905877,2005,2016,11,-0.0493835045905877,0.719088112885519
"5","svi_2018",0.707047441710761,0.667651152073733,-0.0393962896370283,2005,2018,13,-0.0393962896370283,0.707047441710761
"6","svi_2020",0.773600633050945,0.750184331797235,-0.0234163012537101,2005,2020,15,-0.0234163012537101,0.773600633050945
