"","variable","control","exposed","difference","exposure_year","outcome_year","lag","acee","baseline"
"1","svi_2000",0.510955893878212,0.517316666666667,0.00636077278845437,2009,2000,-9,0.00636077278845437,0.510955893878212
"2","svi_2010",0.557332357338624,0.568516666666667,0.0111843093280424,2009,2010,1,0.0111843093280424,0.557332357338624
"3","svi_2014",0.611261464084593,0.5632,-0.0480614640845932,2009,2014,5,-0.0480614640845932,0.611261464084593
"4","svi_2016",0.601305248108913,0.562933333333333,-0.0383719147755792,2009,2016,7,-0.0383719147755792,0.601305248108913
"5","svi_2018",0.530653934187821,0.559966666666667,0.0293127324788458,2009,2018,9,0.0293127324788458,0.530653934187821
"6","svi_2020",0.557840869836951,0.548966666666667,-0.00887420317028464,2009,2020,11,-0.00887420317028464,0.557840869836951
