"","variable","control","exposed","difference","exposure_year","outcome_year","lag","acee","baseline"
"1","svi_2000",0.838435267319029,0.892678947368421,0.0542436800493917,2015,2000,-15,0.0542436800493917,0.838435267319029
"2","svi_2010",0.8276905514292,0.874294736842105,0.0466041854129048,2015,2010,-5,0.0466041854129048,0.8276905514292
"3","svi_2014",0.827111584146704,0.86518947368421,0.0380778895375069,2015,2014,-1,0.0380778895375069,0.827111584146704
"4","svi_2016",0.824312791879888,0.854657894736842,0.0303451028569535,2015,2016,1,0.0303451028569535,0.824312791879888
"5","svi_2018",0.823008100577812,0.856473684210526,0.033465583632714,2015,2018,3,0.033465583632714,0.823008100577812
"6","svi_2020",0.808406695436679,0.841231578947368,0.032824883510689,2015,2020,5,0.032824883510689,0.808406695436679
