"","variable","control","exposed","difference","exposure_year","outcome_year","lag","acee","baseline"
"1","svi_2000",0.667961170541134,0.61859641025641,-0.0493647602847239,2012,2000,-12,-0.0493647602847239,0.667961170541134
"2","svi_2010",0.657486534484137,0.635595384615384,-0.0218911498687521,2012,2010,-2,-0.0218911498687521,0.657486534484137
"3","svi_2014",0.64387866396342,0.643999487179488,0.000120823216067989,2012,2014,2,0.000120823216067989,0.64387866396342
"4","svi_2016",0.659263057228578,0.641286666666667,-0.0179763905619107,2012,2016,4,-0.0179763905619107,0.659263057228578
"5","svi_2018",0.65360855453091,0.641812307692307,-0.0117962468386029,2012,2018,6,-0.0117962468386029,0.65360855453091
"6","svi_2020",0.675294260084302,0.637777435897436,-0.0375168241868663,2012,2020,8,-0.0375168241868663,0.675294260084302
