"","variable","control","exposed","difference","exposure_year","outcome_year","lag","acee","baseline"
"1","svi_2000",0.683715208435619,0.720681818181818,0.0369666097461991,2014,2000,-14,0.0369666097461991,0.683715208435619
"2","svi_2010",0.660275697281216,0.735394545454546,0.0751188481733298,2014,2010,-4,0.0751188481733298,0.660275697281216
"3","svi_2014",0.658275624250278,0.724392727272727,0.0661171030224491,2014,2014,0,0.0661171030224491,0.658275624250278
"4","svi_2016",0.66148490932975,0.714487272727273,0.0530023633975234,2014,2016,2,0.0530023633975234,0.66148490932975
"5","svi_2018",0.644021271975838,0.70068,0.0566587280241617,2014,2018,4,0.0566587280241617,0.644021271975838
"6","svi_2020",0.756721847130346,0.772743636363637,0.0160217892332907,2014,2020,6,0.0160217892332907,0.756721847130346
