"","variable","control","exposed","difference","exposure_year","outcome_year","lag","acee","baseline"
"1","svi_2000",0.592420108882461,0.586073786407767,-0.00634632247469424,2008,2000,-8,-0.00634632247469424,0.592420108882461
"2","svi_2010",0.592781534133518,0.587862912621359,-0.00491862151215894,2008,2010,2,-0.00491862151215894,0.592781534133518
"3","svi_2014",0.5958791918276,0.586946601941748,-0.00893258988585277,2008,2014,6,-0.00893258988585277,0.5958791918276
"4","svi_2016",0.593496980544661,0.583982524271845,-0.00951445627281688,2008,2016,8,-0.00951445627281688,0.593496980544661
"5","svi_2018",0.598581587918548,0.584165631067961,-0.0144159568505877,2008,2018,10,-0.0144159568505877,0.598581587918548
"6","svi_2020",0.596595988252235,0.585533203883495,-0.0110627843687399,2008,2020,12,-0.0110627843687399,0.596595988252235
