"","variable","control","exposed","difference","exposure_year","outcome_year","lag","acee","baseline"
"1","svi_2000",0.680636485693775,0.644673821989529,-0.0359626637042459,2011,2000,-11,-0.0359626637042459,0.680636485693775
"2","svi_2010",0.658993322375816,0.653530366492146,-0.0054629558836693,2011,2010,-1,-0.0054629558836693,0.658993322375816
"3","svi_2014",0.696660629414459,0.645096858638743,-0.0515637707757153,2011,2014,3,-0.0515637707757153,0.696660629414459
"4","svi_2016",0.686244547411418,0.639184816753926,-0.047059730657492,2011,2016,5,-0.047059730657492,0.686244547411418
"5","svi_2018",0.679974366686792,0.636947120418848,-0.0430272462679441,2011,2018,7,-0.0430272462679441,0.679974366686792
"6","svi_2020",0.6757505426953,0.649679057591623,-0.0260714851036772,2011,2020,9,-0.0260714851036772,0.6757505426953
