"","variable","control","exposed","difference","exposure_year","outcome_year","lag","acee","baseline"
"1","svi_2000",0.694393766859794,0.708274257425743,0.0138804905659482,2018,2000,-18,0.0138804905659482,0.694393766859794
"2","svi_2010",0.72331027509115,0.697493399339934,-0.0258168757512164,2018,2010,-8,-0.0258168757512164,0.72331027509115
"3","svi_2014",0.711248625646339,0.697116501650165,-0.0141321239961741,2018,2014,-4,-0.0141321239961741,0.711248625646339
"4","svi_2016",0.699479115626095,0.692683498349835,-0.00679561727625955,2018,2016,-2,-0.00679561727625955,0.699479115626095
"5","svi_2018",0.722961459673228,0.678140924092409,-0.0448205355808192,2018,2018,0,-0.0448205355808192,0.722961459673228
"6","svi_2020",0.775416747742772,0.776070627062706,0.00065387931993377,2018,2020,2,0.00065387931993377,0.775416747742772
