"","variable","control","exposed","difference","exposure_year","outcome_year","lag","acee","baseline"
"1","svi_2000",0.647763835510216,0.703803409090909,0.0560395735806932,2007,2000,-7,0.0560395735806932,0.647763835510216
"2","svi_2010",0.651399525325735,0.699036363636364,0.0476368383106289,2007,2010,3,0.0476368383106289,0.651399525325735
"3","svi_2014",0.66038104885704,0.686764772727273,0.0263837238702327,2007,2014,7,0.0263837238702327,0.66038104885704
"4","svi_2016",0.666894438763517,0.6926,0.0257055612364826,2007,2016,9,0.0257055612364826,0.666894438763517
"5","svi_2018",0.668727964046464,0.696436363636364,0.0277083995898993,2007,2018,11,0.0277083995898993,0.668727964046464
"6","svi_2020",0.684767296977441,0.692019318181818,0.00725202120437762,2007,2020,13,0.00725202120437762,0.684767296977441
