"","variable","control","exposed","difference","exposure_year","outcome_year","lag","acee","baseline"
"1","svi_2000",0.681969632569991,0.730470303030303,0.0485006704603126,2016,2000,-16,0.0485006704603126,0.681969632569991
"2","svi_2010",0.66641852767701,0.72941696969697,0.0629984420199593,2016,2010,-6,0.0629984420199593,0.66641852767701
"3","svi_2014",0.669065118131606,0.72942,0.060354881868394,2016,2014,-2,0.060354881868394,0.669065118131606
"4","svi_2016",0.680913036713449,0.727243636363637,0.0463305996501882,2016,2016,0,0.0463305996501882,0.680913036713449
"5","svi_2018",0.705276397174073,0.713711515151515,0.00843511797744234,2016,2018,2,0.00843511797744234,0.705276397174073
"6","svi_2020",0.793327690433108,0.764115757575758,-0.0292119328573505,2016,2020,4,-0.0292119328573505,0.793327690433108
