"","variable","control","exposed","difference","exposure_year","outcome_year","lag","acee","baseline"
"1","svi_2000",0.700953810280911,0.691790566037736,-0.00916324424317461,2006,2000,-6,-0.00916324424317461,0.700953810280911
"2","svi_2010",0.734298909229352,0.699514150943396,-0.0347847582859554,2006,2010,4,-0.0347847582859554,0.734298909229352
"3","svi_2014",0.695600709918207,0.694221698113208,-0.00137901180499944,2006,2014,8,-0.00137901180499944,0.695600709918207
"4","svi_2016",0.663736199211373,0.688857547169811,0.0251213479584379,2006,2016,10,0.0251213479584379,0.663736199211373
"5","svi_2018",0.665806100621786,0.675304716981132,0.0094986163593459,2006,2018,12,0.0094986163593459,0.665806100621786
"6","svi_2020",0.739733315116797,0.763741509433962,0.0240081943171645,2006,2020,14,0.0240081943171645,0.739733315116797
