"","variable","control","exposed","difference","exposure_year","outcome_year","lag","acee","baseline"
"1","svi_2010",0.658332775181211,0.7019,0.0435672248187892,2015,2010,-5,0.0435672248187892,0.658332775181211
"2","svi_2014",0.604066959765235,0.689457894736842,0.085390934971607,2015,2014,-1,0.085390934971607,0.604066959765235
"3","svi_2016",0.55141607917174,0.699231578947368,0.147815499775629,2015,2016,1,0.147815499775629,0.55141607917174
"4","svi_2018",0.541320928886244,0.620884210526316,0.0795632816400719,2015,2018,3,0.0795632816400719,0.541320928886244
"5","svi_2020",0.619993652128298,0.598242105263158,-0.0217515468651402,2015,2020,5,-0.0217515468651402,0.619993652128298
