"","variable","control","exposed","difference","exposure_year","outcome_year","lag","acee","baseline"
"1","svi_2010",0.616324701852497,0.609348167539267,-0.00697653431323031,2011,2010,-1,-0.00697653431323031,0.616324701852497
"2","svi_2014",0.570998037939399,0.602734031413613,0.0317359934742137,2011,2014,3,0.0317359934742137,0.570998037939399
"3","svi_2016",0.535652020700613,0.579329842931937,0.0436778222313241,2011,2016,5,0.0436778222313241,0.535652020700613
"4","svi_2018",0.547536591132059,0.553941361256544,0.00640477012448581,2011,2018,7,0.00640477012448581,0.547536591132059
"5","svi_2020",0.525096833237259,0.579701570680628,0.0546047374433684,2011,2020,9,0.0546047374433684,0.525096833237259
