"","variable","control","exposed","difference","exposure_year","outcome_year","lag","acee","baseline"
"1","svi_2010",0.601214099594436,0.589856923076923,-0.0113571765175127,2012,2010,-2,-0.0113571765175127,0.601214099594436
"2","svi_2014",0.589582503405368,0.569364615384616,-0.0202178880207529,2012,2014,2,-0.0202178880207529,0.589582503405368
"3","svi_2016",0.539952274154538,0.570609743589743,0.0306574694352056,2012,2016,4,0.0306574694352056,0.539952274154538
"4","svi_2018",0.536792624947441,0.56310358974359,0.0263109647961484,2012,2018,6,0.0263109647961484,0.536792624947441
"5","svi_2020",0.534659665298954,0.574413846153846,0.0397541808548912,2012,2020,8,0.0397541808548912,0.534659665298954
