"","variable","control","exposed","difference","exposure_year","outcome_year","lag","acee","baseline"
"1","svi_2010",0.650434502623299,0.604333333333333,-0.0461011692899655,2009,2010,1,-0.0461011692899655,0.650434502623299
"2","svi_2014",0.660246493458634,0.379066666666667,-0.281179826791968,2009,2014,5,-0.281179826791968,0.660246493458634
"3","svi_2016",0.622890977244125,0.394983333333333,-0.227907643910791,2009,2016,7,-0.227907643910791,0.622890977244125
"4","svi_2018",0.579609657194039,0.48255,-0.0970596571940389,2009,2018,9,-0.0970596571940389,0.579609657194039
"5","svi_2020",0.410375943012392,0.681366666666667,0.270990723654274,2009,2020,11,0.270990723654274,0.410375943012392
