"","variable","control","exposed","difference","exposure_year","outcome_year","lag","acee","baseline"
"1","svi_2010",0.648304261763006,0.683330188679245,0.0350259269162388,2006,2010,4,0.0350259269162388,0.648304261763006
"2","svi_2014",0.540293924784176,0.642247169811321,0.101953245027144,2006,2014,8,0.101953245027144,0.540293924784176
"3","svi_2016",0.503791776140289,0.609333962264151,0.105542186123862,2006,2016,10,0.105542186123862,0.503791776140289
"4","svi_2018",0.509018962332114,0.595446226415094,0.0864272640829805,2006,2018,12,0.0864272640829805,0.509018962332114
"5","svi_2020",0.63146832101562,0.595693396226415,-0.0357749247892049,2006,2020,14,-0.0357749247892049,0.63146832101562
