"","variable","control","exposed","difference","exposure_year","outcome_year","lag","acee","baseline"
"1","svi_2010",0.729860404255458,0.733038271604938,0.00317786734948056,2013,2010,-3,0.00317786734948056,0.729860404255458
"2","svi_2014",0.653645414744638,0.678920987654321,0.0252755729096829,2013,2014,1,0.0252755729096829,0.653645414744638
"3","svi_2016",0.61200387622148,0.674692592592592,0.0626887163711122,2013,2016,3,0.0626887163711122,0.61200387622148
"4","svi_2018",0.553569853634857,0.663666666666666,0.110096813031809,2013,2018,5,0.110096813031809,0.553569853634857
"5","svi_2020",0.642995023306,0.649692592592593,0.00669756928659226,2013,2020,7,0.00669756928659226,0.642995023306
