"","variable","control","exposed","difference","exposure_year","outcome_year","lag","acee","baseline"
"1","svi_2010",0.661718397607418,0.666326136363636,0.00460773875621867,2007,2010,3,0.00460773875621867,0.661718397607418
"2","svi_2014",0.614610642845876,0.614373863636364,-0.000236779209512372,2007,2014,7,-0.000236779209512372,0.614610642845876
"3","svi_2016",0.551105336115757,0.616194318181818,0.0650889820660614,2007,2016,9,0.0650889820660614,0.551105336115757
"4","svi_2018",0.552943085551699,0.609555681818182,0.0566125962664832,2007,2018,11,0.0566125962664832,0.552943085551699
"5","svi_2020",0.544273981577532,0.62162840909091,0.0773544275133778,2007,2020,13,0.0773544275133778,0.544273981577532
