"","variable","control","exposed","difference","exposure_year","outcome_year","lag","acee","baseline"
"1","svi_2010",0.757310802179156,0.784019801980197,0.0267089998010416,2018,2010,-8,0.0267089998010416,0.757310802179156
"2","svi_2014",0.705846036327484,0.714288448844885,0.00844241251740063,2018,2014,-4,0.00844241251740063,0.705846036327484
"3","svi_2016",0.658640683373233,0.691256105610561,0.0326154222373276,2018,2016,-2,0.0326154222373276,0.658640683373233
"4","svi_2018",0.606931017380153,0.667318481848185,0.0603874644680324,2018,2018,0,0.0603874644680324,0.606931017380153
"5","svi_2020",0.627863082636292,0.698317491749176,0.0704544091128844,2018,2020,2,0.0704544091128844,0.627863082636292
