"","variable","control","exposed","difference","exposure_year","outcome_year","lag","acee","baseline"
"1","svi_2010",0.71875560691227,0.746334545454545,0.027578938542275,2014,2010,-4,0.027578938542275,0.71875560691227
"2","svi_2014",0.676038198135561,0.717843636363636,0.0418054382280756,2014,2014,0,0.0418054382280756,0.676038198135561
"3","svi_2016",0.65381917520614,0.686041818181818,0.0322226429756786,2014,2016,2,0.0322226429756786,0.65381917520614
"4","svi_2018",0.65249791289699,0.671647272727273,0.0191493598302831,2014,2018,4,0.0191493598302831,0.65249791289699
"5","svi_2020",0.676126380335409,0.67134,-0.00478638033540935,2014,2020,6,-0.00478638033540935,0.676126380335409
