"","variable","control","exposed","difference","exposure_year","outcome_year","lag","acee","baseline"
"1","svi_2010",0.788422810539122,0.775083410138249,-0.0133394004008731,2005,2010,5,-0.0133394004008731,0.788422810539122
"2","svi_2014",0.743369733612883,0.716760368663594,-0.0266093649492893,2005,2014,9,-0.0266093649492893,0.743369733612883
"3","svi_2016",0.70820727002998,0.692978341013825,-0.0152289290161548,2005,2016,11,-0.0152289290161548,0.70820727002998
"4","svi_2018",0.659087392408531,0.661938248847927,0.0028508564393962,2005,2018,13,0.0028508564393962,0.659087392408531
"5","svi_2020",0.707408144747468,0.693269124423963,-0.014139020323505,2005,2020,15,-0.014139020323505,0.707408144747468
