"","variable","control","exposed","difference","exposure_year","outcome_year","lag","acee","baseline"
"1","svi_2010",0.786994647902531,0.779249696969697,-0.007744950932834,2016,2010,-6,-0.007744950932834,0.786994647902531
"2","svi_2014",0.74501077650516,0.708633939393939,-0.0363768371112209,2016,2014,-2,-0.0363768371112209,0.74501077650516
"3","svi_2016",0.699329233213712,0.68912303030303,-0.0102062029106813,2016,2016,0,-0.0102062029106813,0.699329233213712
"4","svi_2018",0.673405927229784,0.663701212121212,-0.00970471510857152,2016,2018,2,-0.00970471510857152,0.673405927229784
"5","svi_2020",0.72737789027018,0.654692121212121,-0.072685769058059,2016,2020,4,-0.072685769058059,0.72737789027018
