"","variable","control","exposed","difference","exposure_year","outcome_year","lag","acee","baseline"
"1","svi_2010",0.667945591026405,0.712816233766234,0.0448706427398284,2017,2010,-7,0.0448706427398284,0.667945591026405
"2","svi_2014",0.669102437868087,0.63292012987013,-0.0361823079979573,2017,2014,-3,-0.0361823079979573,0.669102437868087
"3","svi_2016",0.632630661268264,0.633616883116883,0.000986221848618851,2017,2016,-1,0.000986221848618851,0.632630661268264
"4","svi_2018",0.575433769725035,0.614305194805195,0.0388714250801603,2017,2018,1,0.0388714250801603,0.575433769725035
"5","svi_2020",0.565165762355979,0.63193051948052,0.0667647571245403,2017,2020,3,0.0667647571245403,0.565165762355979
