"","variable","control","exposed","difference","exposure_year","outcome_year","lag","acee","baseline"
"1","svi_2010",0.572698774661093,0.612483883495145,0.0397851088340522,2008,2010,2,0.0397851088340522,0.572698774661093
"2","svi_2014",0.558098563592589,0.584175339805825,0.0260767762132356,2008,2014,6,0.0260767762132356,0.558098563592589
"3","svi_2016",0.532026554674162,0.578253009708738,0.0462264550345762,2008,2016,8,0.0462264550345762,0.532026554674162
"4","svi_2018",0.495417998203749,0.577824077669904,0.082406079466155,2008,2018,10,0.082406079466155,0.495417998203749
"5","svi_2020",0.510304895293735,0.582113009708737,0.0718081144150019,2008,2020,12,0.0718081144150019,0.510304895293735
