"","variable","control","exposed","difference","exposure_year","outcome_year","lag","acee","baseline"
"1","svi_2010",0.741113811999075,0.715486363636363,-0.0256274483627117,2010,2010,0,-0.0256274483627117,0.741113811999075
"2","svi_2014",0.649918575008072,0.700486363636364,0.050567788628292,2010,2014,4,0.050567788628292,0.649918575008072
"3","svi_2016",0.719454528389947,0.708568181818182,-0.010886346571765,2010,2016,6,-0.010886346571765,0.719454528389947
"4","svi_2018",0.72775329370629,0.702831818181818,-0.0249214755244715,2010,2018,8,-0.0249214755244715,0.72775329370629
"5","svi_2020",0.679529145273707,0.711890909090909,0.0323617638172016,2010,2020,10,0.0323617638172016,0.679529145273707
