"","variable","control","exposed","difference","exposure_year","outcome_year","lag","acee","baseline"
"1","svi_2010",0.568449023547105,0.574944239631337,0.00649521608423131,2005,2010,5,0.00649521608423131,0.568449023547105
"2","svi_2014",0.555173894617321,0.564927649769585,0.00975375515226484,2005,2014,9,0.00975375515226484,0.555173894617321
"3","svi_2016",0.545091003449323,0.555657142857143,0.0105661394078199,2005,2016,11,0.0105661394078199,0.545091003449323
"4","svi_2018",0.529782571392293,0.53542396313364,0.00564139174134748,2005,2018,13,0.00564139174134748,0.529782571392293
"5","svi_2020",0.518304295140858,0.528848387096774,0.010544091955916,2005,2020,15,0.010544091955916,0.518304295140858
