"","variable","control","exposed","difference","exposure_year","outcome_year","lag","acee","baseline"
"1","svi_2010",0.473926060795031,0.553857142857143,0.0799310820621116,2017,2010,-7,0.0799310820621116,0.473926060795031
"2","svi_2014",0.470603355688535,0.544727922077922,0.0741245663893871,2017,2014,-3,0.0741245663893871,0.470603355688535
"3","svi_2016",0.468707674747534,0.549781818181818,0.0810741434342843,2017,2016,-1,0.0810741434342843,0.468707674747534
"4","svi_2018",0.474877846971792,0.53998961038961,0.065111763417818,2017,2018,1,0.065111763417818,0.474877846971792
"5","svi_2020",0.473725946994295,0.536742207792208,0.0630162607979127,2017,2020,3,0.0630162607979127,0.473725946994295
