"","variable","control","exposed","difference","exposure_year","outcome_year","lag","acee","baseline"
"1","svi_2010",0.493977069916382,0.488744102564103,-0.00523296735227979,2012,2010,-2,-0.00523296735227979,0.493977069916382
"2","svi_2014",0.481883403736469,0.479791282051282,-0.00209212168518652,2012,2014,2,-0.00209212168518652,0.481883403736469
"3","svi_2016",0.470330227266655,0.472162564102564,0.00183233683590917,2012,2016,4,0.00183233683590917,0.470330227266655
"4","svi_2018",0.452296935268501,0.457395384615385,0.00509844934688436,2012,2018,6,0.00509844934688436,0.452296935268501
"5","svi_2020",0.448987137994485,0.453421538461538,0.00443440046705368,2012,2020,8,0.00443440046705368,0.448987137994485
