"","variable","control","exposed","difference","exposure_year","outcome_year","lag","acee","baseline"
"1","svi_2010",0.485806861206432,0.495605610561056,0.00979874935462388,2018,2010,-8,0.00979874935462388,0.485806861206432
"2","svi_2014",0.466612233561742,0.482324422442244,0.0157121888805029,2018,2014,-4,0.0157121888805029,0.466612233561742
"3","svi_2016",0.451561092371969,0.471078877887789,0.0195177855158193,2018,2016,-2,0.0195177855158193,0.451561092371969
"4","svi_2018",0.439647696756372,0.450384818481848,0.0107371217254763,2018,2018,0,0.0107371217254763,0.439647696756372
"5","svi_2020",0.43806340279294,0.44252805280528,0.00446465001234048,2018,2020,2,0.00446465001234048,0.43806340279294
