"","variable","control","exposed","difference","exposure_year","outcome_year","lag","acee","baseline"
"1","svi_2010",0.370331104270037,0.404920754716981,0.0345896504469436,2006,2010,4,0.0345896504469436,0.370331104270037
"2","svi_2014",0.355199312828001,0.393266981132075,0.0380676683040743,2006,2014,8,0.0380676683040743,0.355199312828001
"3","svi_2016",0.338841355247444,0.38396320754717,0.0451218522997259,2006,2016,10,0.0451218522997259,0.338841355247444
"4","svi_2018",0.338743198407618,0.373994339622641,0.0352511412150234,2006,2018,12,0.0352511412150234,0.338743198407618
"5","svi_2020",0.337963226903123,0.368632075471698,0.0306688485685747,2006,2020,14,0.0306688485685747,0.337963226903123
