"","variable","control","exposed","difference","exposure_year","outcome_year","lag","acee","baseline"
"1","svi_2010",0.509644251032721,0.497281747572815,-0.0123625034599061,2008,2010,2,-0.0123625034599061,0.509644251032721
"2","svi_2014",0.506945980752036,0.491352233009708,-0.0155937477423274,2008,2014,6,-0.0155937477423274,0.506945980752036
"3","svi_2016",0.498511143478561,0.487286796116505,-0.0112243473620555,2008,2016,8,-0.0112243473620555,0.498511143478561
"4","svi_2018",0.484342824828499,0.47739067961165,-0.00695214521684911,2008,2018,10,-0.00695214521684911,0.484342824828499
"5","svi_2020",0.495269670788343,0.474694563106797,-0.0205751076815461,2008,2020,12,-0.0205751076815461,0.495269670788343
