"","variable","control","exposed","difference","exposure_year","outcome_year","lag","acee","baseline"
"1","svi_2010",0.298789587987578,0.166366666666667,-0.132422921320911,2009,2010,1,-0.132422921320911,0.298789587987578
"2","svi_2014",0.291014214902018,0.169616666666667,-0.121397548235352,2009,2014,5,-0.121397548235352,0.291014214902018
"3","svi_2016",0.295851935967293,0.179816666666667,-0.116035269300626,2009,2016,7,-0.116035269300626,0.295851935967293
"4","svi_2018",0.294951461911321,0.181366666666667,-0.113584795244654,2009,2018,9,-0.113584795244654,0.294951461911321
"5","svi_2020",0.298669424224481,0.188616666666667,-0.110052757557814,2009,2020,11,-0.110052757557814,0.298669424224481
