"","variable","control","exposed","difference","exposure_year","outcome_year","lag","acee","baseline"
"1","svi_2010",0.575012449942119,0.617557954545455,0.0425455046033361,2007,2010,3,0.0425455046033361,0.575012449942119
"2","svi_2014",0.566365845697562,0.632482954545455,0.0661171088478925,2007,2014,7,0.0661171088478925,0.566365845697562
"3","svi_2016",0.582200149132012,0.6379875,0.0557873508679883,2007,2016,9,0.0557873508679883,0.582200149132012
"4","svi_2018",0.564146375389292,0.628529545454545,0.064383170065253,2007,2018,11,0.064383170065253,0.564146375389292
"5","svi_2020",0.529896728440765,0.628456818181818,0.0985600897410529,2007,2020,13,0.0985600897410529,0.529896728440765
