"","variable","control","exposed","difference","exposure_year","outcome_year","lag","acee","baseline"
"1","svi_2010",0.505694172659712,0.434623636363636,-0.0710705362960757,2014,2010,-4,-0.0710705362960757,0.505694172659712
"2","svi_2014",0.473379138559858,0.426081818181818,-0.0472973203780397,2014,2014,0,-0.0472973203780397,0.473379138559858
"3","svi_2016",0.485629313540954,0.406992727272727,-0.0786365862682267,2014,2016,2,-0.0786365862682267,0.485629313540954
"4","svi_2018",0.481463400072585,0.392870909090909,-0.0885924909816759,2014,2018,4,-0.0885924909816759,0.481463400072585
"5","svi_2020",0.475898752108696,0.386656363636364,-0.0892423884723323,2014,2020,6,-0.0892423884723323,0.475898752108696
