"","variable","control","exposed","difference","exposure_year","outcome_year","lag","acee","baseline"
"1","svi_2010",0.511622658606228,0.533178947368421,0.0215562887621934,2015,2010,-5,0.0215562887621934,0.511622658606228
"2","svi_2014",0.522324369699827,0.526173684210526,0.00384931451069959,2015,2014,-1,0.00384931451069959,0.522324369699827
"3","svi_2016",0.551537363047588,0.548384210526316,-0.00315315252127224,2015,2016,1,-0.00315315252127224,0.551537363047588
"4","svi_2018",0.544166136363933,0.548342105263158,0.00417596889922489,2015,2018,3,0.00417596889922489,0.544166136363933
"5","svi_2020",0.550342996805305,0.56111052631579,0.0107675295104843,2015,2020,5,0.0107675295104843,0.550342996805305
