"","variable","control","exposed","difference","exposure_year","outcome_year","lag","acee","baseline"
"1","svi_2010",0.441638805339287,0.447658024691358,0.006019219352071,2013,2010,-3,0.006019219352071,0.441638805339287
"2","svi_2014",0.42320181743879,0.435338271604938,0.012136454166148,2013,2014,1,0.012136454166148,0.42320181743879
"3","svi_2016",0.408780203939512,0.417179012345679,0.00839880840616741,2013,2016,3,0.00839880840616741,0.408780203939512
"4","svi_2018",0.381674559560164,0.404304938271605,0.0226303787114407,2013,2018,5,0.0226303787114407,0.381674559560164
"5","svi_2020",0.363219188209724,0.389150617283951,0.0259314290742267,2013,2020,7,0.0259314290742267,0.363219188209724
