"","variable","control","exposed","difference","exposure_year","outcome_year","lag","acee","baseline"
"1","svi_2010",0.426378035736635,0.428796335078534,0.00241829934189897,2011,2010,-1,0.00241829934189897,0.426378035736635
"2","svi_2014",0.418141120527176,0.411223036649215,-0.00691808387796111,2011,2014,3,-0.00691808387796111,0.418141120527176
"3","svi_2016",0.404594501189177,0.396848691099476,-0.0077458100897001,2011,2016,5,-0.0077458100897001,0.404594501189177
"4","svi_2018",0.398658018815398,0.378530890052356,-0.0201271287630424,2011,2018,7,-0.0201271287630424,0.398658018815398
"5","svi_2020",0.380429144231482,0.373098429319372,-0.00733071491210996,2011,2020,9,-0.00733071491210996,0.380429144231482
