"","variable","control","exposed","difference","exposure_year","outcome_year","lag","acee","baseline"
"1","svi_2010",0.699896419070003,0.665186363636364,-0.0347100554336394,2010,2010,0,-0.0347100554336394,0.699896419070003
"2","svi_2014",0.736968972749735,0.646568181818182,-0.090400790931553,2010,2014,4,-0.090400790931553,0.736968972749735
"3","svi_2016",0.771406126453178,0.7068,-0.0646061264531774,2010,2016,6,-0.0646061264531774,0.771406126453178
"4","svi_2018",0.719166105256563,0.727422727272727,0.00825662201616484,2010,2018,8,0.00825662201616484,0.719166105256563
"5","svi_2020",0.701491606487103,0.728031818181818,0.0265402116947158,2010,2020,10,0.0265402116947158,0.701491606487103
