"","variable","control","exposed","difference","exposure_year","outcome_year","lag","acee","baseline"
"1","svi_2010",0.504703115954737,0.490047878787879,-0.0146552371668577,2016,2010,-6,-0.0146552371668577,0.504703115954737
"2","svi_2014",0.481275791658371,0.478543636363636,-0.00273215529473453,2016,2014,-2,-0.00273215529473453,0.481275791658371
"3","svi_2016",0.466177195988844,0.463041212121212,-0.00313598386763192,2016,2016,0,-0.00313598386763192,0.466177195988844
"4","svi_2018",0.441752668971799,0.449092121212121,0.00733945224032195,2016,2018,2,0.00733945224032195,0.441752668971799
"5","svi_2020",0.443771896003693,0.438113333333334,-0.00565856267035897,2016,2020,4,-0.00565856267035897,0.443771896003693
