"","variable","control","exposed","difference","exposure_year","outcome_year","lag","acee","baseline"
"1","svi_2010",0.385279746038717,0.436183766233766,0.0509040201950496,2017,2010,-7,0.0509040201950496,0.385279746038717
"2","svi_2014",0.374453639708404,0.43788961038961,0.0634359706812063,2017,2014,-3,0.0634359706812063,0.374453639708404
"3","svi_2016",0.38335609411309,0.436081168831169,0.0527250747180789,2017,2016,-1,0.0527250747180789,0.38335609411309
"4","svi_2018",0.386613525380741,0.435503896103896,0.0488903707231554,2017,2018,1,0.0488903707231554,0.386613525380741
"5","svi_2020",0.406229680094021,0.42880974025974,0.0225800601657194,2017,2020,3,0.0225800601657194,0.406229680094021
