"","variable","control","exposed","difference","exposure_year","outcome_year","lag","acee","baseline"
"1","svi_2010",0.485244725892155,0.565883333333333,0.0806386074411781,2009,2010,1,0.0806386074411781,0.485244725892155
"2","svi_2014",0.481098015707676,0.578266666666667,0.0971686509589902,2009,2014,5,0.0971686509589902,0.481098015707676
"3","svi_2016",0.492189791625768,0.587383333333333,0.0951935417075654,2009,2016,7,0.0951935417075654,0.492189791625768
"4","svi_2018",0.504369193390597,0.58945,0.0850808066094031,2009,2018,9,0.0850808066094031,0.504369193390597
"5","svi_2020",0.473497835059105,0.582216666666667,0.108718831607561,2009,2020,11,0.108718831607561,0.473497835059105
