"","variable","control","exposed","difference","exposure_year","outcome_year","lag","acee","baseline"
"1","svi_2010",0.402547157277275,0.402192739273928,-0.000354418003347179,2018,2010,-8,-0.000354418003347179,0.402547157277275
"2","svi_2014",0.419547508618723,0.418048184818482,-0.00149932380024081,2018,2014,-4,-0.00149932380024081,0.419547508618723
"3","svi_2016",0.435713915278966,0.435059405940594,-0.0006545093383718,2018,2016,-2,-0.0006545093383718,0.435713915278966
"4","svi_2018",0.458438155273462,0.449231023102311,-0.0092071321711511,2018,2018,0,-0.0092071321711511,0.458438155273462
"5","svi_2020",0.473776683096472,0.456351815181518,-0.0174248679149535,2018,2020,2,-0.0174248679149535,0.473776683096472
