"","variable","control","exposed","difference","exposure_year","outcome_year","lag","acee","baseline"
"1","svi_2010",0.415899214627441,0.402726136363636,-0.0131730782638045,2007,2010,3,-0.0131730782638045,0.415899214627441
"2","svi_2014",0.415726392304289,0.398325,-0.0174013923042889,2007,2014,7,-0.0174013923042889,0.415726392304289
"3","svi_2016",0.407251120359754,0.385546590909091,-0.0217045294506633,2007,2016,9,-0.0217045294506633,0.407251120359754
"4","svi_2018",0.419093006614076,0.381606818181818,-0.0374861884322576,2007,2018,11,-0.0374861884322576,0.419093006614076
"5","svi_2020",0.437441867064964,0.382185227272727,-0.055256639792237,2007,2020,13,-0.055256639792237,0.437441867064964
