"","variable","control","exposed","difference","exposure_year","outcome_year","lag","acee","baseline"
"1","svi_2010",0.45613113669921,0.45098,-0.00515113669920952,2008,2010,2,-0.00515113669920952,0.45613113669921
"2","svi_2014",0.456854133394055,0.449258446601942,-0.00759568679211264,2008,2014,6,-0.00759568679211264,0.456854133394055
"3","svi_2016",0.460296912849002,0.449283883495146,-0.0110130293538562,2008,2016,8,-0.0110130293538562,0.460296912849002
"4","svi_2018",0.457649185512791,0.45182640776699,-0.00582277774580181,2008,2018,10,-0.00582277774580181,0.457649185512791
"5","svi_2020",0.450777364465771,0.453862524271845,0.00308515980607454,2008,2020,12,0.00308515980607454,0.450777364465771
