"","variable","control","exposed","difference","exposure_year","outcome_year","lag","acee","baseline"
"1","svi_2010",0.498914787193962,0.525605263157895,0.0266904759639324,2015,2010,-5,0.0266904759639324,0.498914787193962
"2","svi_2014",0.496897413153044,0.521589473684211,0.0246920605311665,2015,2014,-1,0.0246920605311665,0.496897413153044
"3","svi_2016",0.494544327525096,0.503094736842105,0.00855040931700873,2015,2016,1,0.00855040931700873,0.494544327525096
"4","svi_2018",0.479093083925275,0.496947368421053,0.0178542844957779,2015,2018,3,0.0178542844957779,0.479093083925275
"5","svi_2020",0.467063526685991,0.500647368421053,0.0335838417350621,2015,2020,5,0.0335838417350621,0.467063526685991
