"","variable","control","exposed","difference","exposure_year","outcome_year","lag","acee","baseline"
"1","svi_2010",0.341797804230902,0.388472727272727,0.0466749230418248,2010,2010,0,0.0466749230418248,0.341797804230902
"2","svi_2014",0.420372693497559,0.370413636363636,-0.0499590571339227,2010,2014,4,-0.0499590571339227,0.420372693497559
"3","svi_2016",0.38990639446295,0.360168181818182,-0.0297382126447683,2010,2016,6,-0.0297382126447683,0.38990639446295
"4","svi_2018",0.317407557655356,0.344977272727273,0.0275697150719167,2010,2018,8,0.0275697150719167,0.317407557655356
"5","svi_2020",0.237427077908426,0.317772727272727,0.0803456493643017,2010,2020,10,0.0803456493643017,0.237427077908426
