"","variable","control","exposed","difference","exposure_year","outcome_year","lag","acee","baseline"
"1","svi_2010",0.371722580807557,0.404399539170507,0.0326769583629495,2005,2010,5,0.0326769583629495,0.371722580807557
"2","svi_2014",0.372263370199907,0.406425806451613,0.0341624362517061,2005,2014,9,0.0341624362517061,0.372263370199907
"3","svi_2016",0.374002934172307,0.413121198156682,0.0391182639843751,2005,2016,11,0.0391182639843751,0.374002934172307
"4","svi_2018",0.387974742398293,0.419626267281106,0.0316515248828128,2005,2018,13,0.0316515248828128,0.387974742398293
"5","svi_2020",0.394342175467854,0.428808294930876,0.0344661194630214,2005,2020,15,0.0344661194630214,0.394342175467854
