"","variable","control","exposed","difference","exposure_year","outcome_year","lag","acee","baseline"
"1","svi_2010",0.425992688529127,0.413544848484849,-0.0124478400442787,2016,2010,-6,-0.0124478400442787,0.425992688529127
"2","svi_2014",0.430148456490501,0.430747272727273,0.000598816236771882,2016,2014,-2,0.000598816236771882,0.430148456490501
"3","svi_2016",0.433305892505624,0.447872727272727,0.0145668347671036,2016,2016,0,0.0145668347671036,0.433305892505624
"4","svi_2018",0.451677452051893,0.464973939393939,0.013296487342046,2016,2018,2,0.013296487342046,0.451677452051893
"5","svi_2020",0.459156664771389,0.471183636363636,0.0120269715922469,2016,2020,4,0.0120269715922469,0.459156664771389
