"","variable","control","exposed","difference","exposure_year","outcome_year","lag","acee","baseline"
"1","svi_2010",0.405496553458384,0.392419371727749,-0.0130771817306355,2011,2010,-1,-0.0130771817306355,0.405496553458384
"2","svi_2014",0.422899387807972,0.400533507853403,-0.0223658799545689,2011,2014,3,-0.0223658799545689,0.422899387807972
"3","svi_2016",0.434942770338332,0.414087958115183,-0.0208548122231487,2011,2016,5,-0.0208548122231487,0.434942770338332
"4","svi_2018",0.44274287422536,0.428468062827225,-0.0142748113981358,2011,2018,7,-0.0142748113981358,0.44274287422536
"5","svi_2020",0.447412387884304,0.444885340314136,-0.00252704757016831,2011,2020,9,-0.00252704757016831,0.447412387884304
