"","variable","control","exposed","difference","exposure_year","outcome_year","lag","acee","baseline"
"1","svi_2010",0.347180824104376,0.372418974358974,0.025238150254598,2012,2010,-2,0.025238150254598,0.347180824104376
"2","svi_2014",0.348217058449014,0.371729230769231,0.0235121723202167,2012,2014,2,0.0235121723202167,0.348217058449014
"3","svi_2016",0.35526857066549,0.376324615384615,0.0210560447191251,2012,2016,4,0.0210560447191251,0.35526857066549
"4","svi_2018",0.367092654542122,0.384465128205128,0.0173724736630065,2012,2018,6,0.0173724736630065,0.367092654542122
"5","svi_2020",0.380864629881356,0.391025641025641,0.0101610111442846,2012,2020,8,0.0101610111442846,0.380864629881356
