"","variable","control","exposed","difference","exposure_year","outcome_year","lag","acee","baseline"
"1","svi_2010",0.419616834315013,0.453449090909091,0.0338322565940783,2014,2010,-4,0.0338322565940783,0.419616834315013
"2","svi_2014",0.425998958094363,0.473994545454546,0.0479955873601823,2014,2014,0,0.0479955873601823,0.425998958094363
"3","svi_2016",0.436054451680298,0.496903636363636,0.060849184683338,2014,2016,2,0.060849184683338,0.436054451680298
"4","svi_2018",0.437721708264521,0.51304,0.0753182917354791,2014,2018,4,0.0753182917354791,0.437721708264521
"5","svi_2020",0.443710477721812,0.536469090909091,0.092758613187279,2014,2020,6,0.092758613187279,0.443710477721812
