"","variable","control","exposed","difference","exposure_year","outcome_year","lag","acee","baseline"
"1","svi_2010",0.494848195445504,0.456369811320755,-0.0384783841247492,2006,2010,4,-0.0384783841247492,0.494848195445504
"2","svi_2014",0.505213009760402,0.471904716981132,-0.0333082927792698,2006,2014,8,-0.0333082927792698,0.505213009760402
"3","svi_2016",0.535169214060124,0.487293396226415,-0.0478758178337085,2006,2016,10,-0.0478758178337085,0.535169214060124
"4","svi_2018",0.546561382308122,0.49651320754717,-0.050048174760952,2006,2018,12,-0.050048174760952,0.546561382308122
"5","svi_2020",0.553386127916743,0.50602358490566,-0.0473625430110829,2006,2020,14,-0.0473625430110829,0.553386127916743
