"","variable","control","exposed","difference","exposure_year","outcome_year","lag","acee","baseline"
"1","svi_2010",0.42433780857449,0.417918518518518,-0.00641929005597108,2013,2010,-3,-0.00641929005597108,0.42433780857449
"2","svi_2014",0.443315762715816,0.440106172839506,-0.00320958987630915,2013,2014,1,-0.00320958987630915,0.443315762715816
"3","svi_2016",0.473280841819282,0.4646,-0.00868084181928214,2013,2016,3,-0.00868084181928214,0.473280841819282
"4","svi_2018",0.499547209003573,0.482872839506173,-0.0166743694974008,2013,2018,5,-0.0166743694974008,0.499547209003573
"5","svi_2020",0.524252057156519,0.500950617283951,-0.0233014398725685,2013,2020,7,-0.0233014398725685,0.524252057156519
